query_id,old_question,new_question,changed,revision_reason
Q001,Berapa Benchmark Indeks Hari-Orang Pekerja Tidak Tetap/Harian Konstruksi di Provinsi Riau pada tahun 2023?,Berapa nilai Benchmark Indeks Hari-Orang Pekerja Tidak Tetap/Harian Konstruksi di Provinsi Riau pada tahun 2023?,YES,Penambahan 'nilai' untuk perjelas objek; tidak ada pola terlarang
Q003,Berapa Benchmark Indeks Upah Pekerja Tidak Tetap/Harian Konstruksi di Jawa Barat pada tahun 2023?,Berapa nilai Benchmark Indeks Upah Pekerja Tidak Tetap/Harian Konstruksi di Jawa Barat pada tahun 2023?,YES,Penambahan 'nilai' untuk perjelas objek; tidak ada pola terlarang
Q005,Apa yang dimaksud dengan Nilai Konstruksi yang Diselesaikan dalam publikasi Benchmark Indeks Konstruksi (2016=100)?,Apa yang dimaksud dengan Nilai Konstruksi yang Diselesaikan dalam penghitungan Benchmark Indeks Konstruksi?,YES,Menghapus referensi 'dalam publikasi Benchmark Indeks Konstruksi (2016=100)'
Q006,Berapa jumlah pekerja tetap konstruksi nasional pada tahun 2023 dalam Benchmark Statistik Konstruksi?,Berapa jumlah pekerja tetap di sektor konstruksi secara nasional pada tahun 2023?,YES,Menghapus referensi metadata 'dalam Benchmark Statistik Konstruksi'
Q009,Berapa persentase balas jasa dan upah pekerja konstruksi terhadap nilai konstruksi yang diselesaikan di Jambi pada tahun 2023?,Berapa persentase balas jasa dan upah pekerja konstruksi terhadap nilai konstruksi yang diselesaikan di Jambi pada tahun 2023?,NO,Tidak diubah — sudah natural
Q010,Apa yang dimaksud dengan Pengeluaran Bahan/Material yang Digunakan dalam Benchmark Statistik Konstruksi?,Apa yang dimaksud dengan Pengeluaran Bahan/Material yang Digunakan dalam penghitungan statistik konstruksi?,YES,Menghapus referensi metadata 'dalam Benchmark Statistik Konstruksi'
Q011,"Dalam Lampiran 1, berapa nilai kecenderungan mismatch untuk variabel Lama Bekerja (0–14 Tahun)?",Berapa nilai kecenderungan mismatch pendidikan untuk kelompok pemuda dengan lama bekerja 0 hingga 14 tahun?,YES,Menghapus referensi metadata 'Dalam Lampiran 1'
Q013,"Dalam Lampiran 3, berapa hazard ratio untuk status Overeducated dibandingkan matched?",Berapa hazard ratio pemuda overeducated dibandingkan pemuda dengan pendidikan yang matched dalam durasi mencari kerja?,YES,Menghapus referensi metadata 'Dalam Lampiran 3'; parafrase sesuai contoh instruksi
Q015,Berapa persentase angkatan kerja muda yang mengalami vertical mismatch menurut ikhtisar publikasi?,Berapa persentase angkatan kerja muda yang mengalami vertical mismatch di Indonesia?,YES,Menghapus referensi metadata 'menurut ikhtisar publikasi'
Q016,"Berdasarkan Tabel 4, berapa Indeks Unit Value Impor HS 01 pada Agustus 2025?",Berapa Indeks Unit Value Impor untuk kelompok komoditas HS 01 pada Agustus 2025?,YES,Menghapus referensi metadata 'Berdasarkan Tabel 4'
Q017,"Berdasarkan Tabel 4, berapa Indeks Unit Value Impor HS 27 pada Agustus 2025?",Berapa Indeks Unit Value Impor untuk kelompok komoditas HS 27 pada Agustus 2025?,YES,Menghapus referensi metadata 'Berdasarkan Tabel 4'
Q020,Berapa jumlah komoditas HS 8-digit yang terpilih sebagai sampel impor dalam publikasi Indeks Unit Value Ekspor-Impor Agustus 2025?,Berapa jumlah komoditas HS 8-digit yang terpilih sebagai sampel dalam penghitungan Indeks Unit Value Impor Agustus 2025?,YES,Menghapus referensi 'dalam publikasi Indeks Unit Value Ekspor-Impor Agustus 2025'
Q021,"Pada Lampiran 7.4, berapa proporsi Transfer Masuk untuk COPNI 8 pada struktur sumber Neraca Penerimaan dan Pengeluaran LNPRT tahun 2024?",Berapa proporsi Transfer Masuk untuk COPNI 8 dalam struktur sumber Neraca Penerimaan dan Pengeluaran LNPRT tahun 2024?,YES,Menghapus referensi metadata 'Pada Lampiran 7.4'
Q023,"Pada Lampiran 8.1, berapa persentase capaian pemasukan dokumen SKLNPT 2024 untuk Provinsi Jambi?",Berapa persentase capaian pemasukan dokumen SKLNPT 2024 untuk Provinsi Jambi?,YES,Menghapus referensi metadata 'Pada Lampiran 8.1'
Q025,"Menurut konsep COPNI, LNPRT diklasifikasikan ke dalam berapa kelompok tujuan kegiatan utama?",Berapa jumlah kelompok tujuan kegiatan utama yang digunakan untuk mengklasifikasikan LNPRT dalam sistem COPNI?,YES,Parafrase 'Menurut konsep COPNI' ke pola aktif; menghindari pola 'Menurut X'
Q026,"Pada Lampiran 4.3, berapa nilai Pajak Pendapatan pemerintah daerah pada tahun 2024?",Berapa nilai Pajak Pendapatan pemerintah daerah pada tahun 2024?,YES,Menghapus referensi metadata 'Pada Lampiran 4.3'
Q027,"Pada Lampiran 6.2, berapa nilai Pembentukan Modal Tetap Bruto Pemerintahan Pusat pada tahun 2024?",Berapa nilai Pembentukan Modal Tetap Bruto Pemerintahan Pusat pada tahun 2024?,YES,Menghapus referensi metadata 'Pada Lampiran 6.2'
Q029,Apa yang dimaksud dengan tabungan dalam Neraca Penggunaan Pendapatan Disposabel pemerintahan umum?,Apa yang dimaksud dengan tabungan dalam Neraca Penggunaan Pendapatan Disposabel pemerintahan umum?,NO,"Tidak diubah — sudah natural; 'Neraca...' adalah nama teknis, bukan referensi lampiran"
Q031,"Pada Lampiran 2.7, berapa proporsi Transfer Berjalan dalam struktur penggunaan Neraca Distribusi Pendapatan Sekunder Rumah Tangga tahun 2024?",Berapa proporsi Transfer Berjalan dalam struktur penggunaan Neraca Distribusi Pendapatan Sekunder Rumah Tangga tahun 2024?,YES,Menghapus referensi metadata 'Pada Lampiran 2.7'
Q032,"Pada Lampiran 2.9, berapa proporsi Pengeluaran Konsumsi Akhir Rumah Tangga pada tahun 2024?",Berapa proporsi Pengeluaran Konsumsi Akhir Rumah Tangga dalam struktur penggunaan pendapatan rumah tangga pada tahun 2024?,YES,Menghapus referensi metadata 'Pada Lampiran 2.9'; menambah konteks neraca
Q034,Aktivitas ekonomi rumah tangga dalam publikasi ini dikelompokkan ke dalam kelompok aktivitas apa saja?,Ke dalam kelompok aktivitas ekonomi apa saja kegiatan rumah tangga diklasifikasikan dalam neraca ekonomi?,YES,Menghapus referensi 'dalam publikasi ini'; parafrase ke pola aktif
Q036,"Pada Tabel 3.35, berapa estimasi total APS 13–15 tahun untuk Provinsi Aceh pada 2025?",Berapa estimasi Angka Partisipasi Sekolah (APS) untuk kelompok usia 13–15 tahun di Provinsi Aceh pada tahun 2025?,YES,Menghapus referensi metadata 'Pada Tabel 3.35'; ekspansi singkatan APS
Q037,"Pada Tabel 3.36, berapa estimasi total APS 16–18 tahun untuk Provinsi Sumatera Barat pada 2025?",Berapa estimasi Angka Partisipasi Sekolah (APS) untuk kelompok usia 16–18 tahun di Provinsi Sumatera Barat pada tahun 2025?,YES,Menghapus referensi metadata 'Pada Tabel 3.36'; ekspansi singkatan APS
Q040,"Berapa tingkat penyelesaian pendidikan SD, SMP, dan SMA/SMK sederajat pada tahun 2025?","Berapa tingkat penyelesaian pendidikan SD, SMP, dan SMA/SMK sederajat pada tahun 2025?",NO,Tidak diubah — sudah natural
Q041,"Pada Tabel 2.7, berapa total berat bersih impor Indonesia pada Agustus 2025?",Berapa total berat bersih impor Indonesia pada Agustus 2025?,YES,Menghapus referensi metadata 'Pada Tabel 2.7'
Q042,"Pada Tabel 2.3, berapa nilai CIF Agustus 2025 untuk HS 94032090 Metal furniture other than fume cupboards, not used in offices?","Berapa nilai CIF impor untuk komoditas HS 94032090 (Metal furniture other than fume cupboards, not used in offices) pada Agustus 2025?",YES,Menghapus referensi metadata 'Pada Tabel 2.3'; memperjelas konteks impor
Q044,Berapa total nilai impor Indonesia pada Agustus 2025 dan bagaimana rinciannya menurut migas dan nonmigas?,Berapa total nilai impor Indonesia pada Agustus 2025 dan bagaimana rinciannya menurut migas dan nonmigas?,NO,Tidak diubah — sudah natural
Q046,"Pada Tabel 4.1, berapa nilai impor Indonesia melalui moda transportasi laut pada 2024?",Berapa nilai impor Indonesia yang menggunakan moda transportasi laut pada tahun 2024?,YES,Menghapus referensi metadata 'Pada Tabel 4.1'
Q048,"Pada Tabel 5.13, berapa nilai impor menggunakan moda transportasi laut untuk HS 10 Serealia pada tahun 2024?",Berapa nilai impor komoditas HS 10 Serealia yang menggunakan moda transportasi laut pada tahun 2024?,YES,Menghapus referensi metadata 'Pada Tabel 5.13'
Q049,Mengapa moda laut masih menjadi pilihan utama untuk ekspor dan impor dalam jumlah besar menurut publikasi moda transportasi?,Mengapa moda laut masih menjadi pilihan utama untuk kegiatan ekspor dan impor dalam jumlah besar di Indonesia?,YES,Menghapus referensi metadata 'menurut publikasi moda transportasi'
