query_id,doc_id,method,chunk_id,label,rationale,confidence,notes
Q001,DOC01_BIK,element,4,2,score=0.892 | kw=4/5 | pages=[7] | page_match=Y | anchor_found=Y,high,auto
Q001,DOC01_BIK,element,43,1,score=0.342 | kw=4/5 | pages=[25] | page_match=N,medium,auto
Q001,DOC01_BIK,element,19,1,score=0.268 | kw=3/5 | pages=[19] | page_match=N,low,auto
Q001,DOC01_BIK,maxmin_semantic,1,2,score=0.656 | kw=5/5,high,auto
Q001,DOC01_BIK,maxmin_semantic,43,1,score=0.393 | kw=3/5,medium,auto
Q001,DOC01_BIK,maxmin_semantic,103,1,score=0.393 | kw=3/5,medium,auto
Q001,DOC01_BIK,maxmin_semantic,5,1,score=0.300 | kw=0/5 | anchor_found=Y,medium,auto
Q001,DOC01_BIK,maxmin_semantic,83,1,score=0.284 | kw=2/5,low,auto
Q001,DOC01_BIK,maxmin_semantic,84,1,score=0.284 | kw=2/5,low,auto
Q001,DOC01_BIK,recursive,2,2,score=0.656 | kw=5/5,high,auto
Q001,DOC01_BIK,recursive,1,1,score=0.524 | kw=4/5,medium,auto
Q001,DOC01_BIK,recursive,3,1,score=0.431 | kw=1/5 | anchor_found=Y,medium,auto
Q001,DOC01_BIK,recursive,27,1,score=0.393 | kw=3/5,medium,auto
Q001,DOC01_BIK,recursive,267,1,score=0.393 | kw=3/5,medium,auto
Q001,DOC01_BIK,recursive,249,1,score=0.284 | kw=2/5,low,auto
Q002,DOC01_BIK,element,4,2,score=0.983 | kw=5/5 | pages=[7] | page_match=Y | anchor_found=Y,high,auto
Q002,DOC01_BIK,element,17,1,score=0.408 | kw=5/5 | pages=[15] | page_match=N,medium,auto
Q002,DOC01_BIK,element,20,1,score=0.408 | kw=5/5 | pages=[19] | page_match=N,medium,auto
Q002,DOC01_BIK,element,35,1,score=0.408 | kw=5/5 | pages=[22] | page_match=N,medium,auto
Q002,DOC01_BIK,element,36,1,"score=0.408 | kw=5/5 | pages=[22, 23] | page_match=N",medium,auto
Q002,DOC01_BIK,element,50,1,score=0.408 | kw=5/5 | pages=[31] | page_match=N,medium,auto
Q002,DOC01_BIK,maxmin_semantic,2,2,score=0.667 | kw=5/5,high,auto
Q002,DOC01_BIK,maxmin_semantic,75,2,score=0.633 | kw=5/5,high,auto
Q002,DOC01_BIK,maxmin_semantic,47,2,score=0.617 | kw=5/5,high,auto
Q002,DOC01_BIK,maxmin_semantic,54,1,score=0.617 | kw=5/5,high,auto
Q002,DOC01_BIK,maxmin_semantic,73,1,score=0.617 | kw=5/5,high,auto
Q002,DOC01_BIK,maxmin_semantic,67,1,score=0.513 | kw=4/5,medium,auto
Q002,DOC01_BIK,maxmin_semantic,14,1,score=0.497 | kw=4/5,medium,auto
Q002,DOC01_BIK,maxmin_semantic,61,1,score=0.497 | kw=4/5,medium,auto
Q002,DOC01_BIK,recursive,2,2,score=0.667 | kw=5/5,high,auto
Q002,DOC01_BIK,recursive,16,2,score=0.633 | kw=5/5,high,auto
Q002,DOC01_BIK,recursive,28,2,score=0.617 | kw=5/5,high,auto
Q002,DOC01_BIK,recursive,31,1,score=0.617 | kw=5/5,high,auto
Q002,DOC01_BIK,recursive,51,1,score=0.617 | kw=5/5,high,auto
Q002,DOC01_BIK,recursive,56,1,score=0.617 | kw=5/5,high,auto
Q002,DOC01_BIK,recursive,61,1,score=0.617 | kw=5/5,high,auto
Q002,DOC01_BIK,recursive,66,1,score=0.617 | kw=5/5,high,auto
Q003,DOC01_BIK,element,4,2,score=0.988 | kw=4/4 | pages=[7] | page_match=Y | anchor_found=Y,high,auto
Q003,DOC01_BIK,element,43,1,score=0.431 | kw=4/4 | pages=[25] | page_match=N,medium,auto
Q003,DOC01_BIK,maxmin_semantic,68,2,score=0.362 | kw=2/4,medium,auto_promoted_best
Q003,DOC01_BIK,maxmin_semantic,2,1,score=0.350 | kw=2/4,medium,auto
Q003,DOC01_BIK,maxmin_semantic,3,1,score=0.350 | kw=2/4,medium,auto
Q003,DOC01_BIK,maxmin_semantic,12,1,score=0.350 | kw=2/4,medium,auto
Q003,DOC01_BIK,maxmin_semantic,62,1,score=0.350 | kw=2/4,medium,auto
Q003,DOC01_BIK,recursive,2,2,score=0.675 | kw=4/4,high,auto
Q003,DOC01_BIK,recursive,40,2,score=0.662 | kw=4/4,high,auto
Q003,DOC01_BIK,recursive,35,1,score=0.512 | kw=3/4,medium,auto
Q003,DOC01_BIK,recursive,3,1,score=0.463 | kw=1/4 | anchor_found=Y,medium,auto
Q003,DOC01_BIK,recursive,16,1,score=0.362 | kw=2/4,medium,auto
Q003,DOC01_BIK,recursive,36,1,score=0.350 | kw=2/4,medium,auto
Q003,DOC01_BIK,recursive,43,1,score=0.350 | kw=2/4,medium,auto
Q004,DOC01_BIK,element,4,2,score=0.980 | kw=3/3 | pages=[7] | page_match=Y | anchor_found=Y,high,auto
Q004,DOC01_BIK,element,2,1,score=0.287 | kw=2/3 | pages=[4] | page_match=N,low,auto
Q004,DOC01_BIK,element,0,1,"score=0.277 | kw=2/3 | pages=[1, 3] | page_match=N",low,auto
Q004,DOC01_BIK,element,20,1,score=0.277 | kw=2/3 | pages=[19] | page_match=N,low,auto
Q004,DOC01_BIK,maxmin_semantic,0,2,score=0.440 | kw=2/3,medium,auto_promoted_best
Q004,DOC01_BIK,maxmin_semantic,4,1,score=0.440 | kw=2/3,medium,auto
Q004,DOC01_BIK,maxmin_semantic,75,1,score=0.440 | kw=2/3,medium,auto
Q004,DOC01_BIK,maxmin_semantic,61,1,score=0.420 | kw=2/3,medium,auto
Q004,DOC01_BIK,maxmin_semantic,84,1,score=0.420 | kw=2/3,medium,auto
Q004,DOC01_BIK,recursive,3,2,score=0.740 | kw=2/3 | anchor_found=Y,high,auto
Q004,DOC01_BIK,recursive,2,1,score=0.460 | kw=2/3,medium,auto
Q004,DOC01_BIK,recursive,0,1,score=0.440 | kw=2/3,medium,auto
Q004,DOC01_BIK,recursive,248,1,score=0.440 | kw=2/3,medium,auto
Q004,DOC01_BIK,recursive,1,1,score=0.420 | kw=2/3,medium,auto
Q004,DOC01_BIK,recursive,16,1,score=0.420 | kw=2/3,medium,auto
Q005,DOC01_BIK,element,9,2,score=0.575 | kw=2/4 | pages=[11] | page_match=Y,high,auto
Q005,DOC01_BIK,element,45,1,"score=0.331 | kw=3/4 | pages=[26, 29] | page_match=N",medium,auto
Q005,DOC01_BIK,maxmin_semantic,73,2,score=0.650 | kw=4/4,high,auto
Q005,DOC01_BIK,maxmin_semantic,75,1,score=0.512 | kw=3/4,medium,auto
Q005,DOC01_BIK,maxmin_semantic,43,1,score=0.500 | kw=3/4,medium,auto
Q005,DOC01_BIK,maxmin_semantic,1,1,score=0.487 | kw=3/4,medium,auto
Q005,DOC01_BIK,maxmin_semantic,72,1,score=0.487 | kw=3/4,medium,auto
Q005,DOC01_BIK,maxmin_semantic,84,1,score=0.487 | kw=3/4,medium,auto
Q005,DOC01_BIK,recursive,134,2,score=0.650 | kw=4/4,high,auto
Q005,DOC01_BIK,recursive,158,2,score=0.650 | kw=4/4,high,auto
Q005,DOC01_BIK,recursive,159,2,score=0.650 | kw=4/4,high,auto
Q005,DOC01_BIK,recursive,169,1,score=0.650 | kw=4/4,high,auto
Q005,DOC01_BIK,recursive,44,1,score=0.512 | kw=3/4,medium,auto
Q005,DOC01_BIK,recursive,27,1,score=0.500 | kw=3/4,medium,auto
Q005,DOC01_BIK,recursive,46,1,score=0.500 | kw=3/4,medium,auto
Q005,DOC01_BIK,recursive,48,1,score=0.500 | kw=3/4,medium,auto
Q006,DOC02_BSK,element,4,2,score=0.886 | kw=3/4 | pages=[7] | page_match=Y | anchor_found=Y,high,auto
Q006,DOC02_BSK,element,5,1,score=0.364 | kw=0/4 | pages=[7] | page_match=Y,medium,auto
Q006,DOC02_BSK,maxmin_semantic,1,2,score=0.986 | kw=4/4 | anchor_found=Y,high,auto
Q006,DOC02_BSK,maxmin_semantic,0,1,score=0.343 | kw=2/4,medium,auto
Q006,DOC02_BSK,maxmin_semantic,94,1,score=0.329 | kw=2/4,medium,auto
Q006,DOC02_BSK,recursive,1,2,score=0.986 | kw=4/4 | anchor_found=Y,high,auto
Q006,DOC02_BSK,recursive,0,1,score=0.343 | kw=2/4,medium,auto
Q006,DOC02_BSK,recursive,185,1,score=0.329 | kw=2/4,medium,auto
Q007,DOC02_BSK,element,4,2,score=0.985 | kw=4/4 | pages=[7] | page_match=Y | anchor_found=Y,high,auto
Q007,DOC02_BSK,element,5,1,score=0.365 | kw=0/4 | pages=[7] | page_match=Y,medium,auto
Q007,DOC02_BSK,element,146,1,"score=0.325 | kw=3/4 | pages=[73, 75, 76, 77, 78] | page_match=N",medium,auto
Q007,DOC02_BSK,maxmin_semantic,82,2,score=0.680 | kw=4/4,high,auto
Q007,DOC02_BSK,maxmin_semantic,2,2,score=0.670 | kw=4/4,high,auto
Q007,DOC02_BSK,maxmin_semantic,106,1,score=0.360 | kw=2/4,medium,auto
Q007,DOC02_BSK,maxmin_semantic,81,1,score=0.350 | kw=2/4,medium,auto
Q007,DOC02_BSK,maxmin_semantic,61,1,score=0.340 | kw=2/4,medium,auto
Q007,DOC02_BSK,maxmin_semantic,73,1,score=0.340 | kw=2/4,medium,auto
Q007,DOC02_BSK,maxmin_semantic,111,1,score=0.340 | kw=2/4,medium,auto
Q007,DOC02_BSK,recursive,2,2,score=0.670 | kw=4/4,high,auto
Q007,DOC02_BSK,recursive,163,1,score=0.500 | kw=3/4,medium,auto
Q007,DOC02_BSK,recursive,191,1,score=0.360 | kw=2/4,medium,auto
Q007,DOC02_BSK,recursive,45,1,score=0.350 | kw=2/4,medium,auto
Q007,DOC02_BSK,recursive,58,1,score=0.350 | kw=2/4,medium,auto
Q007,DOC02_BSK,recursive,126,1,score=0.350 | kw=2/4,medium,auto
Q008,DOC02_BSK,element,4,2,score=0.993 | kw=3/3 | pages=[7] | page_match=Y | anchor_found=Y,high,auto
Q008,DOC02_BSK,element,5,1,score=0.357 | kw=0/3 | pages=[7] | page_match=Y,medium,auto
Q008,DOC02_BSK,element,56,1,"score=0.309 | kw=2/3 | pages=[24, 25] | page_match=N",medium,auto
Q008,DOC02_BSK,element,58,1,"score=0.302 | kw=2/3 | pages=[25, 26] | page_match=N",medium,auto
Q008,DOC02_BSK,element,57,1,score=0.295 | kw=2/3 | pages=[25] | page_match=N,low,auto
Q008,DOC02_BSK,element,46,1,score=0.288 | kw=2/3 | pages=[23] | page_match=N,low,auto
Q008,DOC02_BSK,maxmin_semantic,63,2,score=0.686 | kw=3/3,high,auto
Q008,DOC02_BSK,maxmin_semantic,2,2,score=0.671 | kw=3/3,high,auto
Q008,DOC02_BSK,maxmin_semantic,73,1,score=0.486 | kw=2/3,medium,auto
Q008,DOC02_BSK,maxmin_semantic,56,1,score=0.471 | kw=2/3,medium,auto
Q008,DOC02_BSK,maxmin_semantic,68,1,score=0.457 | kw=2/3,medium,auto
Q008,DOC02_BSK,maxmin_semantic,69,1,score=0.457 | kw=2/3,medium,auto
Q008,DOC02_BSK,maxmin_semantic,49,1,score=0.443 | kw=2/3,medium,auto
Q008,DOC02_BSK,recursive,2,2,score=0.671 | kw=3/3,high,auto
Q008,DOC02_BSK,recursive,45,1,score=0.486 | kw=2/3,medium,auto
Q008,DOC02_BSK,recursive,40,1,score=0.471 | kw=2/3,medium,auto
Q008,DOC02_BSK,recursive,46,1,score=0.457 | kw=2/3,medium,auto
Q008,DOC02_BSK,recursive,48,1,score=0.457 | kw=2/3,medium,auto
Q008,DOC02_BSK,recursive,49,1,score=0.457 | kw=2/3,medium,auto
Q009,DOC02_BSK,element,11,2,score=0.564 | kw=0/4 | pages=[11] | page_match=Y | anchor_found=Y,high,auto
Q009,DOC02_BSK,element,15,1,"score=0.427 | kw=2/4 | pages=[12, 13] | page_match=N | anchor_found=Y",medium,auto
Q009,DOC02_BSK,element,66,1,"score=0.327 | kw=3/4 | pages=[32, 33] | page_match=N",medium,auto
Q009,DOC02_BSK,maxmin_semantic,82,2,score=0.673 | kw=4/4,high,auto
Q009,DOC02_BSK,maxmin_semantic,2,1,score=0.477 | kw=3/4,medium,auto
Q009,DOC02_BSK,maxmin_semantic,63,1,score=0.336 | kw=2/4,medium,auto
Q009,DOC02_BSK,maxmin_semantic,73,1,score=0.336 | kw=2/4,medium,auto
Q009,DOC02_BSK,maxmin_semantic,81,1,score=0.336 | kw=2/4,medium,auto
Q009,DOC02_BSK,maxmin_semantic,112,1,score=0.336 | kw=2/4,medium,auto
Q009,DOC02_BSK,recursive,60,2,score=0.664 | kw=4/4,high,auto
Q009,DOC02_BSK,recursive,61,1,score=0.514 | kw=3/4,medium,auto
Q009,DOC02_BSK,recursive,63,1,score=0.504 | kw=3/4,medium,auto
Q009,DOC02_BSK,recursive,65,1,score=0.504 | kw=3/4,medium,auto
Q009,DOC02_BSK,recursive,68,1,score=0.504 | kw=3/4,medium,auto
Q009,DOC02_BSK,recursive,70,1,score=0.504 | kw=3/4,medium,auto
Q010,DOC02_BSK,element,15,2,"score=0.852 | kw=2/3 | pages=[12, 13] | page_match=Y | anchor_found=Y",high,auto
Q010,DOC02_BSK,element,13,2,score=0.565 | kw=0/3 | pages=[12] | page_match=Y | anchor_found=Y,high,auto
Q010,DOC02_BSK,element,109,1,"score=0.297 | kw=2/3 | pages=[53, 54] | page_match=N",low,auto
Q010,DOC02_BSK,element,146,1,"score=0.287 | kw=2/3 | pages=[73, 75, 76, 77, 78] | page_match=N",low,auto
Q010,DOC02_BSK,element,150,1,"score=0.287 | kw=2/3 | pages=[82, 83, 84, 85, 86] | page_match=N",low,auto
Q010,DOC02_BSK,element,4,1,score=0.282 | kw=2/3 | pages=[7] | page_match=N,low,auto
Q010,DOC02_BSK,element,62,1,"score=0.282 | kw=2/3 | pages=[27, 29, 31] | page_match=N",low,auto
Q010,DOC02_BSK,maxmin_semantic,82,2,score=0.670 | kw=3/3,high,auto
Q010,DOC02_BSK,maxmin_semantic,81,1,score=0.450 | kw=2/3,medium,auto
Q010,DOC02_BSK,maxmin_semantic,2,1,score=0.430 | kw=2/3,medium,auto
Q010,DOC02_BSK,maxmin_semantic,49,1,score=0.430 | kw=2/3,medium,auto
Q010,DOC02_BSK,maxmin_semantic,73,1,score=0.430 | kw=2/3,medium,auto
Q010,DOC02_BSK,maxmin_semantic,108,1,score=0.430 | kw=2/3,medium,auto
Q010,DOC02_BSK,recursive,114,2,score=0.660 | kw=3/3,high,auto
Q010,DOC02_BSK,recursive,78,1,score=0.460 | kw=2/3,medium,auto
Q010,DOC02_BSK,recursive,101,1,score=0.460 | kw=2/3,medium,auto
Q010,DOC02_BSK,recursive,112,1,score=0.460 | kw=2/3,medium,auto
Q010,DOC02_BSK,recursive,118,1,score=0.460 | kw=2/3,medium,auto
Q010,DOC02_BSK,recursive,120,1,score=0.460 | kw=2/3,medium,auto
Q011,DOC03_CERDAS,element,10,2,"score=0.983 | kw=3/3 | pages=[7, 8] | page_match=Y | anchor_found=Y",high,auto
Q011,DOC03_CERDAS,element,13,1,score=0.294 | kw=2/3 | pages=[10] | page_match=N,low,auto
Q011,DOC03_CERDAS,maxmin_semantic,7,2,score=0.667 | kw=3/3,high,auto
Q011,DOC03_CERDAS,maxmin_semantic,6,1,score=0.533 | kw=1/3 | anchor_found=Y,medium,auto
Q011,DOC03_CERDAS,maxmin_semantic,19,1,score=0.256 | kw=1/3,low,auto
Q011,DOC03_CERDAS,maxmin_semantic,68,1,score=0.256 | kw=1/3,low,auto
Q011,DOC03_CERDAS,recursive,5,2,score=0.967 | kw=3/3 | anchor_found=Y,high,auto
Q011,DOC03_CERDAS,recursive,15,1,score=0.456 | kw=2/3,medium,auto
Q011,DOC03_CERDAS,recursive,3,1,score=0.256 | kw=1/3,low,auto
Q012,DOC03_CERDAS,element,10,2,"score=0.993 | kw=3/3 | pages=[7, 8] | page_match=Y | anchor_found=Y",high,auto
Q012,DOC03_CERDAS,element,11,1,score=0.450 | kw=3/3 | pages=[8] | page_match=N,medium,auto
Q012,DOC03_CERDAS,element,7,1,score=0.436 | kw=3/3 | pages=[5] | page_match=N,medium,auto
Q012,DOC03_CERDAS,element,19,1,score=0.295 | kw=2/3 | pages=[15] | page_match=N,low,auto
Q012,DOC03_CERDAS,maxmin_semantic,6,2,score=0.986 | kw=3/3 | anchor_found=Y,high,auto
Q012,DOC03_CERDAS,maxmin_semantic,2,2,score=0.671 | kw=3/3,high,auto
Q012,DOC03_CERDAS,maxmin_semantic,15,2,score=0.657 | kw=3/3,high,auto
Q012,DOC03_CERDAS,maxmin_semantic,49,1,score=0.457 | kw=2/3,medium,auto
Q012,DOC03_CERDAS,maxmin_semantic,50,1,score=0.457 | kw=2/3,medium,auto
Q012,DOC03_CERDAS,maxmin_semantic,13,1,score=0.443 | kw=2/3,medium,auto
Q012,DOC03_CERDAS,maxmin_semantic,17,1,score=0.429 | kw=2/3,medium,auto
Q012,DOC03_CERDAS,maxmin_semantic,16,1,score=0.414 | kw=2/3,medium,auto
Q012,DOC03_CERDAS,recursive,5,2,score=0.986 | kw=3/3 | anchor_found=Y,high,auto
Q012,DOC03_CERDAS,recursive,3,2,score=0.671 | kw=3/3,high,auto
Q012,DOC03_CERDAS,recursive,9,2,score=0.657 | kw=3/3,high,auto
Q012,DOC03_CERDAS,recursive,8,1,score=0.457 | kw=2/3,medium,auto
Q012,DOC03_CERDAS,recursive,33,1,score=0.457 | kw=2/3,medium,auto
Q012,DOC03_CERDAS,recursive,34,1,score=0.457 | kw=2/3,medium,auto
Q012,DOC03_CERDAS,recursive,10,1,score=0.429 | kw=2/3,medium,auto
Q012,DOC03_CERDAS,recursive,11,1,score=0.414 | kw=2/3,medium,auto
Q013,DOC03_CERDAS,element,10,2,"score=0.986 | kw=4/4 | pages=[7, 8] | page_match=Y | anchor_found=Y",high,auto
Q013,DOC03_CERDAS,element,7,1,score=0.443 | kw=4/4 | pages=[5] | page_match=N,medium,auto
Q013,DOC03_CERDAS,element,13,1,score=0.329 | kw=3/4 | pages=[10] | page_match=N,medium,auto
Q013,DOC03_CERDAS,element,14,1,"score=0.329 | kw=3/4 | pages=[10, 11] | page_match=N",medium,auto
Q013,DOC03_CERDAS,element,15,1,"score=0.329 | kw=3/4 | pages=[11, 12] | page_match=N",medium,auto
Q013,DOC03_CERDAS,maxmin_semantic,3,2,score=0.671 | kw=4/4,high,auto
Q013,DOC03_CERDAS,maxmin_semantic,7,2,score=0.671 | kw=4/4,high,auto
Q013,DOC03_CERDAS,maxmin_semantic,21,1,score=0.507 | kw=3/4,medium,auto
Q013,DOC03_CERDAS,maxmin_semantic,24,1,score=0.507 | kw=3/4,medium,auto
Q013,DOC03_CERDAS,maxmin_semantic,28,1,score=0.507 | kw=3/4,medium,auto
Q013,DOC03_CERDAS,maxmin_semantic,9,1,score=0.343 | kw=2/4,medium,auto
Q013,DOC03_CERDAS,maxmin_semantic,19,1,score=0.343 | kw=2/4,medium,auto
Q013,DOC03_CERDAS,recursive,3,2,score=0.686 | kw=4/4,high,auto
Q013,DOC03_CERDAS,recursive,6,2,score=0.671 | kw=4/4,high,auto
Q013,DOC03_CERDAS,recursive,16,1,score=0.507 | kw=3/4,medium,auto
Q013,DOC03_CERDAS,recursive,19,1,score=0.507 | kw=3/4,medium,auto
Q013,DOC03_CERDAS,recursive,22,1,score=0.507 | kw=3/4,medium,auto
Q013,DOC03_CERDAS,recursive,7,1,score=0.343 | kw=2/4,medium,auto
Q013,DOC03_CERDAS,recursive,15,1,score=0.343 | kw=2/4,medium,auto
Q014,DOC03_CERDAS,element,10,2,"score=0.994 | kw=4/4 | pages=[7, 8] | page_match=Y | anchor_found=Y",high,auto
Q014,DOC03_CERDAS,element,16,1,"score=0.439 | kw=4/4 | pages=[12, 13] | page_match=N",medium,auto
Q014,DOC03_CERDAS,element,18,1,"score=0.428 | kw=4/4 | pages=[13, 14] | page_match=N",medium,auto
Q014,DOC03_CERDAS,element,21,1,score=0.339 | kw=3/4 | pages=[17] | page_match=N,medium,auto
Q014,DOC03_CERDAS,element,13,1,score=0.328 | kw=3/4 | pages=[10] | page_match=N,medium,auto
Q014,DOC03_CERDAS,element,22,1,score=0.322 | kw=3/4 | pages=[18] | page_match=N,medium,auto
Q014,DOC03_CERDAS,maxmin_semantic,8,2,score=0.656 | kw=4/4,high,auto
Q014,DOC03_CERDAS,maxmin_semantic,117,2,score=0.644 | kw=4/4,high,auto
Q014,DOC03_CERDAS,maxmin_semantic,9,1,score=0.517 | kw=3/4,medium,auto
Q014,DOC03_CERDAS,maxmin_semantic,37,1,score=0.378 | kw=2/4,medium,auto
Q014,DOC03_CERDAS,maxmin_semantic,22,1,score=0.367 | kw=2/4,medium,auto
Q014,DOC03_CERDAS,maxmin_semantic,19,1,score=0.344 | kw=2/4,medium,auto
Q014,DOC03_CERDAS,maxmin_semantic,21,1,score=0.344 | kw=2/4,medium,auto
Q014,DOC03_CERDAS,recursive,6,2,score=0.667 | kw=4/4,high,auto
Q014,DOC03_CERDAS,recursive,27,1,score=0.528 | kw=3/4,medium,auto
Q014,DOC03_CERDAS,recursive,29,1,score=0.506 | kw=3/4,medium,auto
Q014,DOC03_CERDAS,recursive,25,1,score=0.494 | kw=3/4,medium,auto
Q014,DOC03_CERDAS,recursive,57,1,score=0.483 | kw=3/4,medium,auto
Q014,DOC03_CERDAS,recursive,7,1,score=0.378 | kw=2/4,medium,auto
Q015,DOC03_CERDAS,element,10,2,"score=0.981 | kw=5/5 | pages=[7, 8] | page_match=Y | anchor_found=Y",high,auto
Q015,DOC03_CERDAS,element,24,1,score=0.431 | kw=5/5 | pages=[20] | page_match=N,medium,auto
Q015,DOC03_CERDAS,element,30,1,score=0.326 | kw=4/5 | pages=[23] | page_match=N,medium,auto
Q015,DOC03_CERDAS,element,7,1,score=0.259 | kw=3/5 | pages=[5] | page_match=N,low,auto
Q015,DOC03_CERDAS,maxmin_semantic,11,2,score=0.662 | kw=5/5,high,auto
Q015,DOC03_CERDAS,maxmin_semantic,117,1,score=0.492 | kw=4/5,medium,auto
Q015,DOC03_CERDAS,maxmin_semantic,6,1,score=0.420 | kw=1/5 | anchor_found=Y,medium,auto
Q015,DOC03_CERDAS,maxmin_semantic,4,1,score=0.398 | kw=3/5,medium,auto
Q015,DOC03_CERDAS,maxmin_semantic,71,1,score=0.385 | kw=3/5,medium,auto
Q015,DOC03_CERDAS,maxmin_semantic,77,1,score=0.372 | kw=3/5,medium,auto
Q015,DOC03_CERDAS,recursive,7,2,score=0.662 | kw=5/5,high,auto
Q015,DOC03_CERDAS,recursive,47,2,score=0.637 | kw=5/5,high,auto
Q015,DOC03_CERDAS,recursive,46,1,score=0.505 | kw=4/5,medium,auto
Q015,DOC03_CERDAS,recursive,56,1,score=0.492 | kw=4/5,medium,auto
Q015,DOC03_CERDAS,recursive,5,1,score=0.420 | kw=1/5 | anchor_found=Y,medium,auto
Q015,DOC03_CERDAS,recursive,3,1,score=0.398 | kw=3/5,medium,auto
Q015,DOC03_CERDAS,recursive,50,1,score=0.372 | kw=3/5,medium,auto
Q016,DOC04_IUV,element,4,2,"score=0.994 | kw=3/3 | pages=[7, 9] | page_match=Y | anchor_found=Y",high,auto
Q016,DOC04_IUV,element,3,1,"score=0.350 | kw=0/3 | pages=[5, 7] | page_match=Y",medium,auto
Q016,DOC04_IUV,maxmin_semantic,0,2,score=0.975 | kw=3/3 | anchor_found=Y,high,auto
Q016,DOC04_IUV,maxmin_semantic,3,1,score=0.325 | kw=0/3 | anchor_found=Y,medium,auto
Q016,DOC04_IUV,recursive,1,2,score=0.988 | kw=3/3 | anchor_found=Y,high,auto
Q016,DOC04_IUV,recursive,0,1,score=0.537 | kw=1/3 | anchor_found=Y,medium,auto
Q017,DOC04_IUV,element,4,2,"score=1.000 | kw=2/2 | pages=[7, 9] | page_match=Y | anchor_found=Y",high,auto
Q017,DOC04_IUV,element,3,2,"score=0.558 | kw=1/2 | pages=[5, 7] | page_match=Y",high,auto
Q017,DOC04_IUV,element,18,1,score=0.442 | kw=2/2 | pages=[23] | page_match=N,medium,auto
Q017,DOC04_IUV,element,24,1,score=0.442 | kw=2/2 | pages=[27] | page_match=N,medium,auto
Q017,DOC04_IUV,element,19,1,"score=0.433 | kw=2/2 | pages=[23, 24] | page_match=N",medium,auto
Q017,DOC04_IUV,element,12,1,score=0.425 | kw=2/2 | pages=[17] | page_match=N,medium,auto
Q017,DOC04_IUV,element,5,1,score=0.408 | kw=1/2 | pages=[9] | page_match=N | anchor_found=Y,medium,auto
Q017,DOC04_IUV,maxmin_semantic,0,2,score=1.000 | kw=2/2 | anchor_found=Y,high,auto
Q017,DOC04_IUV,maxmin_semantic,9,2,score=0.667 | kw=2/2,high,auto
Q017,DOC04_IUV,maxmin_semantic,22,2,score=0.667 | kw=2/2,high,auto
Q017,DOC04_IUV,maxmin_semantic,33,1,score=0.667 | kw=2/2,high,auto
Q017,DOC04_IUV,maxmin_semantic,28,1,score=0.383 | kw=1/2,medium,auto
Q017,DOC04_IUV,maxmin_semantic,10,1,score=0.350 | kw=1/2,medium,auto
Q017,DOC04_IUV,maxmin_semantic,19,1,score=0.350 | kw=1/2,medium,auto
Q017,DOC04_IUV,maxmin_semantic,24,1,score=0.350 | kw=1/2,medium,auto
Q017,DOC04_IUV,recursive,1,2,score=1.000 | kw=2/2 | anchor_found=Y,high,auto
Q017,DOC04_IUV,recursive,19,2,score=0.683 | kw=2/2,high,auto
Q017,DOC04_IUV,recursive,25,2,score=0.683 | kw=2/2,high,auto
Q017,DOC04_IUV,recursive,13,1,score=0.667 | kw=2/2,high,auto
Q017,DOC04_IUV,recursive,0,1,score=0.617 | kw=1/2 | anchor_found=Y,high,auto
Q017,DOC04_IUV,recursive,22,1,score=0.383 | kw=1/2,medium,auto
Q017,DOC04_IUV,recursive,23,1,score=0.383 | kw=1/2,medium,auto
Q017,DOC04_IUV,recursive,14,1,score=0.367 | kw=1/2,medium,auto
Q018,DOC04_IUV,element,4,2,"score=0.979 | kw=4/4 | pages=[7, 9] | page_match=Y | anchor_found=Y",high,auto
Q018,DOC04_IUV,element,3,1,"score=0.471 | kw=1/4 | pages=[5, 7] | page_match=Y",medium,auto
Q018,DOC04_IUV,element,13,1,score=0.329 | kw=3/4 | pages=[19] | page_match=N,medium,auto
Q018,DOC04_IUV,element,14,1,score=0.329 | kw=3/4 | pages=[20] | page_match=N,medium,auto
Q018,DOC04_IUV,element,15,1,"score=0.329 | kw=3/4 | pages=[20, 21] | page_match=N",medium,auto
Q018,DOC04_IUV,element,22,1,"score=0.329 | kw=3/4 | pages=[25, 26] | page_match=N",medium,auto
Q018,DOC04_IUV,maxmin_semantic,0,2,score=0.957 | kw=4/4 | anchor_found=Y,high,auto
Q018,DOC04_IUV,maxmin_semantic,9,1,score=0.507 | kw=3/4,medium,auto
Q018,DOC04_IUV,maxmin_semantic,10,1,score=0.507 | kw=3/4,medium,auto
Q018,DOC04_IUV,maxmin_semantic,17,1,score=0.507 | kw=3/4,medium,auto
Q018,DOC04_IUV,maxmin_semantic,18,1,score=0.507 | kw=3/4,medium,auto
Q018,DOC04_IUV,maxmin_semantic,33,1,score=0.343 | kw=2/4,medium,auto
Q018,DOC04_IUV,recursive,1,2,score=0.957 | kw=4/4 | anchor_found=Y,high,auto
Q018,DOC04_IUV,recursive,13,1,score=0.507 | kw=3/4,medium,auto
Q018,DOC04_IUV,recursive,14,1,score=0.507 | kw=3/4,medium,auto
Q018,DOC04_IUV,recursive,17,1,score=0.507 | kw=3/4,medium,auto
Q018,DOC04_IUV,recursive,18,1,score=0.507 | kw=3/4,medium,auto
Q018,DOC04_IUV,recursive,25,1,score=0.507 | kw=3/4,medium,auto
Q019,DOC04_IUV,element,5,2,score=0.656 | kw=1/4 | pages=[9] | page_match=Y | anchor_found=Y,high,auto
Q019,DOC04_IUV,element,4,2,"score=0.569 | kw=2/4 | pages=[7, 9] | page_match=Y",high,auto
Q019,DOC04_IUV,element,19,1,"score=0.319 | kw=3/4 | pages=[23, 24] | page_match=N",medium,auto
Q019,DOC04_IUV,element,20,1,"score=0.306 | kw=3/4 | pages=[24, 25] | page_match=N",medium,auto
Q019,DOC04_IUV,maxmin_semantic,5,2,score=0.463 | kw=3/4,medium,auto_promoted_best
Q019,DOC04_IUV,maxmin_semantic,25,1,score=0.463 | kw=3/4,medium,auto
Q019,DOC04_IUV,maxmin_semantic,28,1,score=0.463 | kw=3/4,medium,auto
Q019,DOC04_IUV,maxmin_semantic,1,1,score=0.338 | kw=2/4,medium,auto
Q019,DOC04_IUV,maxmin_semantic,49,1,score=0.325 | kw=2/4,medium,auto
Q019,DOC04_IUV,recursive,19,2,score=0.613 | kw=4/4,high,auto
Q019,DOC04_IUV,recursive,22,1,score=0.487 | kw=3/4,medium,auto
Q019,DOC04_IUV,recursive,18,1,score=0.475 | kw=3/4,medium,auto
Q019,DOC04_IUV,recursive,20,1,score=0.475 | kw=3/4,medium,auto
Q019,DOC04_IUV,recursive,1,1,score=0.338 | kw=2/4,medium,auto
Q019,DOC04_IUV,recursive,4,1,score=0.312 | kw=2/4,medium,auto
Q020,DOC04_IUV,element,8,2,score=0.644 | kw=1/5 | pages=[11] | page_match=Y | anchor_found=Y,high,auto
Q020,DOC04_IUV,element,4,1,"score=0.441 | kw=5/5 | pages=[7, 9] | page_match=N",medium,auto
Q020,DOC04_IUV,element,49,1,score=0.432 | kw=5/5 | pages=[48] | page_match=N,medium,auto
Q020,DOC04_IUV,element,9,1,score=0.347 | kw=4/5 | pages=[13] | page_match=N,medium,auto
Q020,DOC04_IUV,element,10,1,score=0.347 | kw=4/5 | pages=[14] | page_match=N,medium,auto
Q020,DOC04_IUV,element,27,1,score=0.347 | kw=4/5 | pages=[29] | page_match=N,medium,auto
Q020,DOC04_IUV,maxmin_semantic,9,2,score=0.982 | kw=5/5 | anchor_found=Y,high,auto
Q020,DOC04_IUV,maxmin_semantic,1,2,score=0.682 | kw=5/5,high,auto
Q020,DOC04_IUV,maxmin_semantic,49,2,score=0.673 | kw=5/5,high,auto
Q020,DOC04_IUV,maxmin_semantic,16,1,score=0.516 | kw=4/5,medium,auto
Q020,DOC04_IUV,maxmin_semantic,35,1,score=0.396 | kw=3/5,medium,auto
Q020,DOC04_IUV,maxmin_semantic,44,1,score=0.396 | kw=3/5,medium,auto
Q020,DOC04_IUV,maxmin_semantic,45,1,score=0.387 | kw=3/5,medium,auto
Q020,DOC04_IUV,maxmin_semantic,46,1,score=0.387 | kw=3/5,medium,auto
Q020,DOC04_IUV,recursive,4,2,score=0.973 | kw=5/5 | anchor_found=Y,high,auto
Q020,DOC04_IUV,recursive,1,2,score=0.682 | kw=5/5,high,auto
Q020,DOC04_IUV,recursive,44,2,score=0.664 | kw=5/5,high,auto
Q020,DOC04_IUV,recursive,51,1,score=0.664 | kw=5/5,high,auto
Q020,DOC04_IUV,recursive,52,1,score=0.645 | kw=5/5,high,auto
Q020,DOC04_IUV,recursive,29,1,score=0.534 | kw=4/5,medium,auto
Q020,DOC04_IUV,recursive,8,1,score=0.525 | kw=4/5,medium,auto
Q020,DOC04_IUV,recursive,9,1,score=0.525 | kw=4/5,medium,auto
Q021,DOC05_LNPRT,element,6,2,"score=0.986 | kw=3/3 | pages=[7, 8] | page_match=Y | anchor_found=Y",high,auto
Q021,DOC05_LNPRT,element,33,1,score=0.288 | kw=2/3 | pages=[27] | page_match=N,low,auto
Q021,DOC05_LNPRT,element,35,1,score=0.281 | kw=2/3 | pages=[27] | page_match=N,low,auto
Q021,DOC05_LNPRT,element,59,1,score=0.281 | kw=2/3 | pages=[38] | page_match=N,low,auto
Q021,DOC05_LNPRT,element,104,1,"score=0.281 | kw=2/3 | pages=[73, 74, 75, 76, 77] | page_match=N",low,auto
Q021,DOC05_LNPRT,element,112,1,"score=0.281 | kw=2/3 | pages=[78, 79] | page_match=N",low,auto
Q021,DOC05_LNPRT,maxmin_semantic,3,2,score=0.729 | kw=2/3 | anchor_found=Y,high,auto
Q021,DOC05_LNPRT,maxmin_semantic,4,2,score=0.671 | kw=3/3,high,auto
Q021,DOC05_LNPRT,maxmin_semantic,242,1,score=0.443 | kw=2/3,medium,auto
Q021,DOC05_LNPRT,maxmin_semantic,244,1,score=0.443 | kw=2/3,medium,auto
Q021,DOC05_LNPRT,maxmin_semantic,250,1,score=0.443 | kw=2/3,medium,auto
Q021,DOC05_LNPRT,maxmin_semantic,286,1,score=0.443 | kw=2/3,medium,auto
Q021,DOC05_LNPRT,maxmin_semantic,322,1,score=0.443 | kw=2/3,medium,auto
Q021,DOC05_LNPRT,recursive,2,2,score=0.729 | kw=2/3 | anchor_found=Y,high,auto
Q021,DOC05_LNPRT,recursive,3,2,score=0.671 | kw=3/3,high,auto
Q021,DOC05_LNPRT,recursive,26,1,score=0.457 | kw=2/3,medium,auto
Q021,DOC05_LNPRT,recursive,28,1,score=0.443 | kw=2/3,medium,auto
Q021,DOC05_LNPRT,recursive,133,1,score=0.443 | kw=2/3,medium,auto
Q021,DOC05_LNPRT,recursive,139,1,score=0.443 | kw=2/3,medium,auto
Q021,DOC05_LNPRT,recursive,141,1,score=0.443 | kw=2/3,medium,auto
Q022,DOC05_LNPRT,element,6,2,"score=0.989 | kw=4/4 | pages=[7, 8] | page_match=Y | anchor_found=Y",high,auto
Q022,DOC05_LNPRT,maxmin_semantic,4,2,score=0.678 | kw=4/4,high,auto
Q022,DOC05_LNPRT,maxmin_semantic,3,2,score=0.611 | kw=2/4 | anchor_found=Y,high,auto
Q022,DOC05_LNPRT,maxmin_semantic,5,1,score=0.483 | kw=3/4,medium,auto
Q022,DOC05_LNPRT,maxmin_semantic,84,1,score=0.344 | kw=2/4,medium,auto
Q022,DOC05_LNPRT,maxmin_semantic,19,1,score=0.333 | kw=2/4,medium,auto
Q022,DOC05_LNPRT,maxmin_semantic,25,1,score=0.333 | kw=2/4,medium,auto
Q022,DOC05_LNPRT,maxmin_semantic,54,1,score=0.333 | kw=2/4,medium,auto
Q022,DOC05_LNPRT,recursive,3,2,score=0.678 | kw=4/4,high,auto
Q022,DOC05_LNPRT,recursive,2,2,score=0.611 | kw=2/4 | anchor_found=Y,high,auto
Q022,DOC05_LNPRT,recursive,63,1,score=0.356 | kw=2/4,medium,auto
Q022,DOC05_LNPRT,recursive,26,1,score=0.344 | kw=2/4,medium,auto
Q022,DOC05_LNPRT,recursive,60,1,score=0.344 | kw=2/4,medium,auto
Q022,DOC05_LNPRT,recursive,24,1,score=0.333 | kw=2/4,medium,auto
Q022,DOC05_LNPRT,recursive,39,1,score=0.333 | kw=2/4,medium,auto
Q023,DOC05_LNPRT,element,6,2,"score=0.975 | kw=3/3 | pages=[7, 8] | page_match=Y | anchor_found=Y",high,auto
Q023,DOC05_LNPRT,element,75,1,score=0.417 | kw=3/3 | pages=[47] | page_match=N,medium,auto
Q023,DOC05_LNPRT,element,76,1,score=0.417 | kw=3/3 | pages=[47] | page_match=N,medium,auto
Q023,DOC05_LNPRT,element,71,1,score=0.408 | kw=3/3 | pages=[44] | page_match=N,medium,auto
Q023,DOC05_LNPRT,element,83,1,"score=0.408 | kw=3/3 | pages=[52, 53] | page_match=N",medium,auto
Q023,DOC05_LNPRT,element,69,1,score=0.283 | kw=2/3 | pages=[42] | page_match=N,low,auto
Q023,DOC05_LNPRT,maxmin_semantic,4,2,score=0.650 | kw=3/3,high,auto
Q023,DOC05_LNPRT,maxmin_semantic,118,2,score=0.633 | kw=3/3,high,auto
Q023,DOC05_LNPRT,maxmin_semantic,95,2,score=0.617 | kw=3/3,high,auto
Q023,DOC05_LNPRT,maxmin_semantic,120,1,score=0.617 | kw=3/3,high,auto
Q023,DOC05_LNPRT,maxmin_semantic,243,1,score=0.617 | kw=3/3,high,auto
Q023,DOC05_LNPRT,maxmin_semantic,84,1,score=0.433 | kw=2/3,medium,auto
Q023,DOC05_LNPRT,maxmin_semantic,90,1,score=0.417 | kw=2/3,medium,auto
Q023,DOC05_LNPRT,maxmin_semantic,154,1,score=0.417 | kw=2/3,medium,auto
Q023,DOC05_LNPRT,recursive,3,2,score=0.650 | kw=3/3,high,auto
Q023,DOC05_LNPRT,recursive,75,2,score=0.633 | kw=3/3,high,auto
Q023,DOC05_LNPRT,recursive,76,2,score=0.633 | kw=3/3,high,auto
Q023,DOC05_LNPRT,recursive,66,1,score=0.617 | kw=3/3,high,auto
Q023,DOC05_LNPRT,recursive,95,1,score=0.617 | kw=3/3,high,auto
Q023,DOC05_LNPRT,recursive,60,1,score=0.433 | kw=2/3,medium,auto
Q023,DOC05_LNPRT,recursive,63,1,score=0.417 | kw=2/3,medium,auto
Q023,DOC05_LNPRT,recursive,89,1,score=0.417 | kw=2/3,medium,auto
Q024,DOC05_LNPRT,element,8,2,score=0.556 | kw=0/4 | pages=[9] | page_match=Y | anchor_found=Y,high,auto
Q024,DOC05_LNPRT,element,35,1,score=0.312 | kw=3/4 | pages=[27] | page_match=N,medium,auto
Q024,DOC05_LNPRT,maxmin_semantic,25,2,score=0.475 | kw=3/4,medium,auto_promoted_best
Q024,DOC05_LNPRT,recursive,27,2,score=0.475 | kw=3/4,medium,auto_promoted_best
Q024,DOC05_LNPRT,recursive,5,1,score=0.312 | kw=0/4 | anchor_found=Y,medium,auto
Q024,DOC05_LNPRT,recursive,47,1,score=0.300 | kw=2/4,medium,auto
Q025,DOC05_LNPRT,element,11,2,"score=0.571 | kw=0/4 | pages=[11, 12] | page_match=Y | anchor_found=Y",high,auto
Q025,DOC05_LNPRT,element,121,1,"score=0.321 | kw=3/4 | pages=[81, 82] | page_match=N",medium,auto
Q025,DOC05_LNPRT,maxmin_semantic,243,2,score=0.643 | kw=4/4,high,auto
Q025,DOC05_LNPRT,maxmin_semantic,244,1,score=0.493 | kw=3/4,medium,auto
Q025,DOC05_LNPRT,maxmin_semantic,139,1,score=0.343 | kw=2/4,medium,auto
Q025,DOC05_LNPRT,recursive,88,2,score=0.343 | kw=2/4,medium,auto_promoted_best
Q026,DOC06_NPU,element,4,2,"score=0.779 | kw=4/4 | pages=[5, 7] | page_match=Y",high,auto
Q026,DOC06_NPU,element,5,1,score=0.429 | kw=4/4 | pages=[8] | page_match=N,medium,auto
Q026,DOC06_NPU,element,96,1,"score=0.429 | kw=4/4 | pages=[94, 95] | page_match=N",medium,auto
Q026,DOC06_NPU,element,15,1,score=0.329 | kw=3/4 | pages=[19] | page_match=N,medium,auto
Q026,DOC06_NPU,element,26,1,"score=0.329 | kw=3/4 | pages=[31, 32] | page_match=N",medium,auto
Q026,DOC06_NPU,element,41,1,score=0.321 | kw=3/4 | pages=[41] | page_match=N,medium,auto
Q026,DOC06_NPU,maxmin_semantic,0,2,score=0.657 | kw=4/4,high,auto
Q026,DOC06_NPU,maxmin_semantic,312,2,score=0.643 | kw=4/4,high,auto
Q026,DOC06_NPU,maxmin_semantic,314,2,score=0.643 | kw=4/4,high,auto
Q026,DOC06_NPU,maxmin_semantic,322,1,score=0.643 | kw=4/4,high,auto
Q026,DOC06_NPU,maxmin_semantic,52,1,score=0.507 | kw=3/4,medium,auto
Q026,DOC06_NPU,maxmin_semantic,51,1,score=0.493 | kw=3/4,medium,auto
Q026,DOC06_NPU,maxmin_semantic,85,1,score=0.493 | kw=3/4,medium,auto
Q026,DOC06_NPU,maxmin_semantic,275,1,score=0.493 | kw=3/4,medium,auto
Q026,DOC06_NPU,recursive,2,2,score=0.657 | kw=4/4,high,auto
Q026,DOC06_NPU,recursive,161,2,score=0.643 | kw=4/4,high,auto
Q026,DOC06_NPU,recursive,171,2,score=0.643 | kw=4/4,high,auto
Q026,DOC06_NPU,recursive,39,1,score=0.507 | kw=3/4,medium,auto
Q026,DOC06_NPU,recursive,0,1,score=0.493 | kw=3/4,medium,auto
Q026,DOC06_NPU,recursive,1,1,score=0.493 | kw=3/4,medium,auto
Q026,DOC06_NPU,recursive,16,1,score=0.493 | kw=3/4,medium,auto
Q026,DOC06_NPU,recursive,38,1,score=0.493 | kw=3/4,medium,auto
Q027,DOC06_NPU,element,4,2,"score=0.780 | kw=6/6 | pages=[5, 7] | page_match=Y",high,auto
Q027,DOC06_NPU,element,63,1,"score=0.430 | kw=6/6 | pages=[63, 64, 65] | page_match=N",medium,auto
Q027,DOC06_NPU,element,29,1,"score=0.420 | kw=6/6 | pages=[33, 34] | page_match=N",medium,auto
Q027,DOC06_NPU,maxmin_semantic,0,2,score=0.660 | kw=6/6,high,auto
Q027,DOC06_NPU,maxmin_semantic,57,2,score=0.640 | kw=6/6,high,auto
Q027,DOC06_NPU,maxmin_semantic,171,2,score=0.640 | kw=6/6,high,auto
Q027,DOC06_NPU,maxmin_semantic,312,1,score=0.440 | kw=4/6,medium,auto
Q027,DOC06_NPU,maxmin_semantic,156,1,score=0.360 | kw=3/6,medium,auto
Q027,DOC06_NPU,maxmin_semantic,85,1,score=0.340 | kw=3/6,medium,auto
Q027,DOC06_NPU,maxmin_semantic,314,1,score=0.340 | kw=3/6,medium,auto
Q027,DOC06_NPU,maxmin_semantic,63,1,score=0.260 | kw=2/6,low,auto
Q027,DOC06_NPU,recursive,2,2,score=0.660 | kw=6/6,high,auto
Q027,DOC06_NPU,recursive,43,2,score=0.640 | kw=6/6,high,auto
Q027,DOC06_NPU,recursive,101,2,score=0.640 | kw=6/6,high,auto
Q027,DOC06_NPU,recursive,106,1,score=0.360 | kw=3/6,medium,auto
Q027,DOC06_NPU,recursive,59,1,score=0.340 | kw=3/6,medium,auto
Q027,DOC06_NPU,recursive,94,1,score=0.340 | kw=3/6,medium,auto
Q027,DOC06_NPU,recursive,173,1,score=0.340 | kw=3/6,medium,auto
Q027,DOC06_NPU,recursive,52,1,score=0.320 | kw=3/6,medium,auto
Q028,DOC06_NPU,element,4,2,"score=0.794 | kw=3/3 | pages=[5, 7] | page_match=Y",high,auto
Q028,DOC06_NPU,maxmin_semantic,1,2,score=0.688 | kw=3/3,high,auto
Q028,DOC06_NPU,maxmin_semantic,2,1,score=0.412 | kw=2/3,medium,auto
Q028,DOC06_NPU,recursive,3,2,score=0.688 | kw=3/3,high,auto
Q028,DOC06_NPU,recursive,2,1,score=0.487 | kw=2/3,medium,auto
Q028,DOC06_NPU,recursive,4,1,score=0.425 | kw=2/3,medium,auto
Q029,DOC06_NPU,element,4,2,"score=0.771 | kw=3/3 | pages=[5, 7] | page_match=Y",high,auto
Q029,DOC06_NPU,maxmin_semantic,1,2,score=0.629 | kw=3/3,high,auto
Q029,DOC06_NPU,recursive,3,2,score=0.629 | kw=3/3,high,auto
Q030,DOC06_NPU,element,65,2,score=0.345 | kw=4/5 | pages=[67] | page_match=N,medium,auto_promoted_best
Q030,DOC06_NPU,element,71,1,"score=0.337 | kw=4/5 | pages=[71, 72] | page_match=N",medium,auto
Q030,DOC06_NPU,maxmin_semantic,181,2,score=0.530 | kw=4/5,medium,auto_promoted_best
Q030,DOC06_NPU,maxmin_semantic,199,1,score=0.513 | kw=4/5,medium,auto
Q030,DOC06_NPU,maxmin_semantic,204,1,score=0.257 | kw=2/5,low,auto
Q030,DOC06_NPU,recursive,106,2,score=0.530 | kw=4/5,medium,auto_promoted_best
Q030,DOC06_NPU,recursive,116,1,score=0.513 | kw=4/5,medium,auto
Q030,DOC06_NPU,recursive,119,1,score=0.257 | kw=2/5,low,auto
Q031,DOC07_NRT,element,7,2,"score=0.986 | kw=3/3 | pages=[7, 8] | page_match=Y | anchor_found=Y",high,auto
Q031,DOC07_NRT,element,37,1,"score=0.436 | kw=3/3 | pages=[30, 31] | page_match=N",medium,auto
Q031,DOC07_NRT,element,29,1,score=0.429 | kw=3/3 | pages=[22] | page_match=N,medium,auto
Q031,DOC07_NRT,element,35,1,"score=0.429 | kw=3/3 | pages=[28, 29] | page_match=N",medium,auto
Q031,DOC07_NRT,element,64,1,"score=0.429 | kw=3/3 | pages=[42, 43, 44] | page_match=N",medium,auto
Q031,DOC07_NRT,element,38,1,"score=0.295 | kw=2/3 | pages=[31, 32] | page_match=N",low,auto
Q031,DOC07_NRT,maxmin_semantic,2,2,score=0.743 | kw=2/3 | anchor_found=Y,high,auto
Q031,DOC07_NRT,maxmin_semantic,32,2,score=0.643 | kw=3/3,high,auto
Q031,DOC07_NRT,maxmin_semantic,35,2,score=0.643 | kw=3/3,high,auto
Q031,DOC07_NRT,maxmin_semantic,4,1,score=0.471 | kw=2/3,medium,auto
Q031,DOC07_NRT,maxmin_semantic,24,1,score=0.443 | kw=2/3,medium,auto
Q031,DOC07_NRT,maxmin_semantic,37,1,score=0.443 | kw=2/3,medium,auto
Q031,DOC07_NRT,maxmin_semantic,66,1,score=0.443 | kw=2/3,medium,auto
Q031,DOC07_NRT,maxmin_semantic,108,1,score=0.443 | kw=2/3,medium,auto
Q031,DOC07_NRT,recursive,2,2,score=0.729 | kw=2/3 | anchor_found=Y,high,auto
Q031,DOC07_NRT,recursive,1,2,score=0.714 | kw=2/3 | anchor_found=Y,high,auto
Q031,DOC07_NRT,recursive,22,2,score=0.643 | kw=3/3,high,auto
Q031,DOC07_NRT,recursive,32,1,score=0.643 | kw=3/3,high,auto
Q031,DOC07_NRT,recursive,3,1,score=0.471 | kw=2/3,medium,auto
Q031,DOC07_NRT,recursive,26,1,score=0.457 | kw=2/3,medium,auto
Q031,DOC07_NRT,recursive,30,1,score=0.457 | kw=2/3,medium,auto
Q031,DOC07_NRT,recursive,44,1,score=0.457 | kw=2/3,medium,auto
Q032,DOC07_NRT,element,7,2,"score=0.990 | kw=5/5 | pages=[7, 8] | page_match=Y | anchor_found=Y",high,auto
Q032,DOC07_NRT,maxmin_semantic,2,2,score=0.720 | kw=3/5 | anchor_found=Y,high,auto
Q032,DOC07_NRT,maxmin_semantic,3,1,score=0.400 | kw=3/5,medium,auto
Q032,DOC07_NRT,maxmin_semantic,313,1,score=0.400 | kw=3/5,medium,auto
Q032,DOC07_NRT,maxmin_semantic,12,1,score=0.290 | kw=2/5,low,auto
Q032,DOC07_NRT,maxmin_semantic,17,1,score=0.290 | kw=2/5,low,auto
Q032,DOC07_NRT,maxmin_semantic,116,1,score=0.290 | kw=2/5,low,auto
Q032,DOC07_NRT,recursive,3,2,score=0.680 | kw=5/5,high,auto
Q032,DOC07_NRT,recursive,1,1,score=0.440 | kw=1/5 | anchor_found=Y,medium,auto
Q032,DOC07_NRT,recursive,2,1,score=0.440 | kw=1/5 | anchor_found=Y,medium,auto
Q032,DOC07_NRT,recursive,20,1,score=0.290 | kw=2/5,low,auto
Q032,DOC07_NRT,recursive,23,1,score=0.290 | kw=2/5,low,auto
Q032,DOC07_NRT,recursive,40,1,score=0.290 | kw=2/5,low,auto
Q033,DOC07_NRT,element,7,2,"score=0.980 | kw=3/3 | pages=[7, 8] | page_match=Y | anchor_found=Y",high,auto
Q033,DOC07_NRT,element,8,1,score=0.287 | kw=2/3 | pages=[8] | page_match=N,low,auto
Q033,DOC07_NRT,element,37,1,"score=0.287 | kw=2/3 | pages=[30, 31] | page_match=N",low,auto
Q033,DOC07_NRT,element,39,1,score=0.287 | kw=2/3 | pages=[32] | page_match=N,low,auto
Q033,DOC07_NRT,element,54,1,score=0.287 | kw=2/3 | pages=[38] | page_match=N,low,auto
Q033,DOC07_NRT,element,55,1,score=0.287 | kw=2/3 | pages=[38] | page_match=N,low,auto
Q033,DOC07_NRT,maxmin_semantic,3,2,score=0.660 | kw=3/3,high,auto
Q033,DOC07_NRT,maxmin_semantic,7,1,score=0.440 | kw=2/3,medium,auto
Q033,DOC07_NRT,maxmin_semantic,65,1,score=0.440 | kw=2/3,medium,auto
Q033,DOC07_NRT,maxmin_semantic,87,1,score=0.440 | kw=2/3,medium,auto
Q033,DOC07_NRT,maxmin_semantic,88,1,score=0.440 | kw=2/3,medium,auto
Q033,DOC07_NRT,maxmin_semantic,89,1,score=0.440 | kw=2/3,medium,auto
Q033,DOC07_NRT,recursive,3,2,score=0.660 | kw=3/3,high,auto
Q033,DOC07_NRT,recursive,4,1,score=0.440 | kw=2/3,medium,auto
Q033,DOC07_NRT,recursive,50,1,score=0.440 | kw=2/3,medium,auto
Q033,DOC07_NRT,recursive,64,1,score=0.440 | kw=2/3,medium,auto
Q033,DOC07_NRT,recursive,65,1,score=0.440 | kw=2/3,medium,auto
Q033,DOC07_NRT,recursive,68,1,score=0.440 | kw=2/3,medium,auto
Q034,DOC07_NRT,element,9,2,score=0.558 | kw=0/4 | pages=[9] | page_match=Y | anchor_found=Y,high,auto
Q034,DOC07_NRT,element,10,1,score=0.350 | kw=0/4 | pages=[9] | page_match=Y,medium,auto
Q034,DOC07_NRT,element,31,1,"score=0.308 | kw=3/4 | pages=[23, 24] | page_match=N",medium,auto
Q034,DOC07_NRT,element,34,1,"score=0.300 | kw=3/4 | pages=[27, 28] | page_match=N",medium,auto
Q034,DOC07_NRT,maxmin_semantic,25,2,score=0.467 | kw=3/4,medium,auto_promoted_best
Q034,DOC07_NRT,recursive,27,2,score=0.467 | kw=3/4,medium,auto_promoted_best
Q034,DOC07_NRT,recursive,51,1,score=0.317 | kw=2/4,medium,auto
Q034,DOC07_NRT,recursive,52,1,score=0.317 | kw=2/4,medium,auto
Q034,DOC07_NRT,recursive,33,1,score=0.300 | kw=2/4,medium,auto
Q035,DOC07_NRT,element,126,2,score=0.431 | kw=3/3 | pages=[81] | page_match=N,medium,auto_promoted_best
Q035,DOC07_NRT,element,37,1,"score=0.292 | kw=2/3 | pages=[30, 31] | page_match=N",low,auto
Q035,DOC07_NRT,element,35,1,"score=0.285 | kw=2/3 | pages=[28, 29] | page_match=N",low,auto
Q035,DOC07_NRT,element,39,1,score=0.285 | kw=2/3 | pages=[32] | page_match=N,low,auto
Q035,DOC07_NRT,element,61,1,score=0.285 | kw=2/3 | pages=[40] | page_match=N,low,auto
Q035,DOC07_NRT,maxmin_semantic,263,2,score=0.662 | kw=3/3,high,auto
Q035,DOC07_NRT,maxmin_semantic,313,1,score=0.450 | kw=2/3,medium,auto
Q035,DOC07_NRT,maxmin_semantic,62,1,score=0.438 | kw=2/3,medium,auto
Q035,DOC07_NRT,maxmin_semantic,93,1,score=0.438 | kw=2/3,medium,auto
Q035,DOC07_NRT,maxmin_semantic,154,1,score=0.438 | kw=2/3,medium,auto
Q035,DOC07_NRT,maxmin_semantic,254,1,score=0.438 | kw=2/3,medium,auto
Q035,DOC07_NRT,recursive,177,2,score=0.662 | kw=3/3,high,auto
Q035,DOC07_NRT,recursive,178,2,score=0.662 | kw=3/3,high,auto
Q035,DOC07_NRT,recursive,183,1,score=0.450 | kw=2/3,medium,auto
Q035,DOC07_NRT,recursive,19,1,score=0.438 | kw=2/3,medium,auto
Q035,DOC07_NRT,recursive,47,1,score=0.438 | kw=2/3,medium,auto
Q035,DOC07_NRT,recursive,69,1,score=0.438 | kw=2/3,medium,auto
Q035,DOC07_NRT,recursive,107,1,score=0.438 | kw=2/3,medium,auto
Q036,DOC08_PEND,element,3,2,"score=0.793 | kw=4/4 | pages=[7, 9] | page_match=Y",high,auto
Q036,DOC08_PEND,element,4,1,"score=0.464 | kw=1/4 | pages=[9, 10] | page_match=Y",medium,auto
Q036,DOC08_PEND,element,38,1,score=0.443 | kw=4/4 | pages=[37] | page_match=N,medium,auto
Q036,DOC08_PEND,element,37,1,score=0.329 | kw=3/4 | pages=[36] | page_match=N,medium,auto
Q036,DOC08_PEND,maxmin_semantic,2,2,score=0.686 | kw=4/4,high,auto
Q036,DOC08_PEND,maxmin_semantic,47,1,score=0.507 | kw=3/4,medium,auto
Q036,DOC08_PEND,maxmin_semantic,0,1,score=0.493 | kw=1/4 | anchor_found=Y,medium,auto
Q036,DOC08_PEND,maxmin_semantic,53,1,score=0.493 | kw=3/4,medium,auto
Q036,DOC08_PEND,maxmin_semantic,48,1,score=0.371 | kw=2/4,medium,auto
Q036,DOC08_PEND,maxmin_semantic,49,1,score=0.371 | kw=2/4,medium,auto
Q036,DOC08_PEND,recursive,1,2,score=0.986 | kw=4/4 | anchor_found=Y,high,auto
Q036,DOC08_PEND,recursive,53,1,score=0.536 | kw=3/4,medium,auto
Q036,DOC08_PEND,recursive,55,1,score=0.521 | kw=3/4,medium,auto
Q036,DOC08_PEND,recursive,52,1,score=0.507 | kw=3/4,medium,auto
Q036,DOC08_PEND,recursive,0,1,score=0.479 | kw=1/4 | anchor_found=Y,medium,auto
Q037,DOC08_PEND,element,3,2,"score=0.794 | kw=7/7 | pages=[7, 9] | page_match=Y",high,auto
Q037,DOC08_PEND,element,4,2,"score=0.726 | kw=6/7 | pages=[9, 10] | page_match=Y",high,auto
Q037,DOC08_PEND,element,41,1,"score=0.444 | kw=7/7 | pages=[41, 42] | page_match=N",medium,auto
Q037,DOC08_PEND,element,47,1,"score=0.439 | kw=7/7 | pages=[50, 51] | page_match=N",medium,auto
Q037,DOC08_PEND,element,42,1,score=0.382 | kw=6/7 | pages=[43] | page_match=N,medium,auto
Q037,DOC08_PEND,element,43,1,"score=0.382 | kw=6/7 | pages=[44, 45] | page_match=N",medium,auto
Q037,DOC08_PEND,element,48,1,"score=0.376 | kw=6/7 | pages=[52, 53] | page_match=N",medium,auto
Q037,DOC08_PEND,maxmin_semantic,60,2,score=0.689 | kw=7/7,high,auto
Q037,DOC08_PEND,maxmin_semantic,59,2,score=0.678 | kw=7/7,high,auto
Q037,DOC08_PEND,maxmin_semantic,2,2,score=0.592 | kw=6/7,high,auto
Q037,DOC08_PEND,maxmin_semantic,9,1,score=0.581 | kw=6/7,high,auto
Q037,DOC08_PEND,maxmin_semantic,67,1,score=0.581 | kw=6/7,high,auto
Q037,DOC08_PEND,maxmin_semantic,4,1,score=0.570 | kw=6/7,high,auto
Q037,DOC08_PEND,maxmin_semantic,70,1,score=0.570 | kw=6/7,high,auto
Q037,DOC08_PEND,maxmin_semantic,72,1,score=0.570 | kw=6/7,high,auto
Q037,DOC08_PEND,recursive,61,2,score=0.678 | kw=7/7,high,auto
Q037,DOC08_PEND,recursive,77,2,score=0.667 | kw=7/7,high,auto
Q037,DOC08_PEND,recursive,2,2,score=0.592 | kw=6/7,high,auto
Q037,DOC08_PEND,recursive,63,1,score=0.581 | kw=6/7,high,auto
Q037,DOC08_PEND,recursive,65,1,score=0.581 | kw=6/7,high,auto
Q037,DOC08_PEND,recursive,71,1,score=0.581 | kw=6/7,high,auto
Q037,DOC08_PEND,recursive,79,1,score=0.581 | kw=6/7,high,auto
Q037,DOC08_PEND,recursive,3,1,score=0.570 | kw=6/7,high,auto
Q038,DOC08_PEND,element,3,2,"score=0.787 | kw=3/3 | pages=[7, 9] | page_match=Y",high,auto
Q038,DOC08_PEND,element,4,1,"score=0.508 | kw=1/3 | pages=[9, 10] | page_match=Y",medium,auto
Q038,DOC08_PEND,element,43,1,"score=0.304 | kw=2/3 | pages=[44, 45] | page_match=N",medium,auto
Q038,DOC08_PEND,element,58,1,"score=0.292 | kw=2/3 | pages=[58, 59] | page_match=N",low,auto
Q038,DOC08_PEND,element,47,1,"score=0.285 | kw=2/3 | pages=[50, 51] | page_match=N",low,auto
Q038,DOC08_PEND,element,57,1,score=0.285 | kw=2/3 | pages=[58] | page_match=N,low,auto
Q038,DOC08_PEND,maxmin_semantic,3,2,score=0.675 | kw=3/3,high,auto
Q038,DOC08_PEND,maxmin_semantic,88,2,score=0.650 | kw=3/3,high,auto
Q038,DOC08_PEND,maxmin_semantic,62,1,score=0.450 | kw=2/3,medium,auto
Q038,DOC08_PEND,maxmin_semantic,66,1,score=0.450 | kw=2/3,medium,auto
Q038,DOC08_PEND,maxmin_semantic,80,1,score=0.438 | kw=2/3,medium,auto
Q038,DOC08_PEND,maxmin_semantic,0,1,score=0.312 | kw=0/3 | anchor_found=Y,medium,auto
Q038,DOC08_PEND,maxmin_semantic,65,1,score=0.250 | kw=1/3,low,auto
Q038,DOC08_PEND,recursive,2,2,score=0.675 | kw=3/3,high,auto
Q038,DOC08_PEND,recursive,91,2,score=0.650 | kw=3/3,high,auto
Q038,DOC08_PEND,recursive,66,1,score=0.463 | kw=2/3,medium,auto
Q038,DOC08_PEND,recursive,76,1,score=0.438 | kw=2/3,medium,auto
Q038,DOC08_PEND,recursive,89,1,score=0.438 | kw=2/3,medium,auto
Q038,DOC08_PEND,recursive,92,1,score=0.438 | kw=2/3,medium,auto
Q038,DOC08_PEND,recursive,94,1,score=0.438 | kw=2/3,medium,auto
Q039,DOC08_PEND,element,4,2,"score=0.588 | kw=2/4 | pages=[9, 10] | page_match=Y",high,auto
Q039,DOC08_PEND,element,5,1,score=0.331 | kw=3/4 | pages=[11] | page_match=N,medium,auto
Q039,DOC08_PEND,element,91,1,"score=0.319 | kw=3/4 | pages=[77, 78] | page_match=N",medium,auto
Q039,DOC08_PEND,maxmin_semantic,9,2,score=0.675 | kw=4/4,high,auto
Q039,DOC08_PEND,maxmin_semantic,94,2,score=0.675 | kw=4/4,high,auto
Q039,DOC08_PEND,maxmin_semantic,117,2,score=0.662 | kw=4/4,high,auto
Q039,DOC08_PEND,maxmin_semantic,93,1,score=0.487 | kw=3/4,medium,auto
Q039,DOC08_PEND,maxmin_semantic,96,1,score=0.350 | kw=2/4,medium,auto
Q039,DOC08_PEND,maxmin_semantic,99,1,score=0.350 | kw=2/4,medium,auto
Q039,DOC08_PEND,maxmin_semantic,115,1,score=0.350 | kw=2/4,medium,auto
Q039,DOC08_PEND,maxmin_semantic,0,1,score=0.300 | kw=0/4 | anchor_found=Y,medium,auto
Q039,DOC08_PEND,recursive,6,2,score=0.675 | kw=4/4,high,auto
Q039,DOC08_PEND,recursive,125,2,score=0.662 | kw=4/4,high,auto
Q039,DOC08_PEND,recursive,200,1,score=0.512 | kw=3/4,medium,auto
Q039,DOC08_PEND,recursive,5,1,score=0.375 | kw=2/4,medium,auto
Q039,DOC08_PEND,recursive,127,1,score=0.362 | kw=2/4,medium,auto
Q039,DOC08_PEND,recursive,130,1,score=0.350 | kw=2/4,medium,auto
Q039,DOC08_PEND,recursive,132,1,score=0.350 | kw=2/4,medium,auto
Q040,DOC08_PEND,element,5,2,score=0.693 | kw=3/4 | pages=[11] | page_match=Y,high,auto
Q040,DOC08_PEND,element,3,1,"score=0.321 | kw=3/4 | pages=[7, 9] | page_match=N",medium,auto
Q040,DOC08_PEND,element,6,1,"score=0.321 | kw=3/4 | pages=[12, 13] | page_match=N",medium,auto
Q040,DOC08_PEND,element,37,1,score=0.321 | kw=3/4 | pages=[36] | page_match=N,medium,auto
Q040,DOC08_PEND,element,47,1,"score=0.321 | kw=3/4 | pages=[50, 51] | page_match=N",medium,auto
Q040,DOC08_PEND,element,90,1,"score=0.307 | kw=3/4 | pages=[74, 75, 76, 77] | page_match=N",medium,auto
Q040,DOC08_PEND,maxmin_semantic,10,2,score=0.536 | kw=3/4,medium,auto_promoted_best
Q040,DOC08_PEND,maxmin_semantic,0,1,score=0.493 | kw=1/4 | anchor_found=Y,medium,auto
Q040,DOC08_PEND,maxmin_semantic,12,1,score=0.493 | kw=3/4,medium,auto
Q040,DOC08_PEND,maxmin_semantic,59,1,score=0.357 | kw=2/4,medium,auto
Q040,DOC08_PEND,maxmin_semantic,9,1,score=0.343 | kw=2/4,medium,auto
Q040,DOC08_PEND,recursive,6,2,score=0.536 | kw=3/4,medium,auto_promoted_best
Q040,DOC08_PEND,recursive,77,1,score=0.479 | kw=3/4,medium,auto
Q040,DOC08_PEND,recursive,1,1,score=0.464 | kw=1/4 | anchor_found=Y,medium,auto
Q040,DOC08_PEND,recursive,61,1,score=0.357 | kw=2/4,medium,auto
Q040,DOC08_PEND,recursive,5,1,score=0.343 | kw=2/4,medium,auto
Q041,DOC09_IMPOR,element,22,2,score=0.781 | kw=5/5 | pages=[21] | page_match=Y,high,auto
Q041,DOC09_IMPOR,element,23,2,score=0.615 | kw=3/5 | pages=[21] | page_match=Y,high,auto
Q041,DOC09_IMPOR,element,24,2,score=0.609 | kw=3/5 | pages=[21] | page_match=Y,high,auto
Q041,DOC09_IMPOR,element,9,1,score=0.265 | kw=3/5 | pages=[11] | page_match=N,low,auto
Q041,DOC09_IMPOR,element,25,1,score=0.265 | kw=3/5 | pages=[22] | page_match=N,low,auto
Q041,DOC09_IMPOR,element,29,1,score=0.265 | kw=3/5 | pages=[23] | page_match=N,low,auto
Q041,DOC09_IMPOR,element,31,1,score=0.265 | kw=3/5 | pages=[23] | page_match=N,low,auto
Q041,DOC09_IMPOR,element,41,1,score=0.265 | kw=3/5 | pages=[31] | page_match=N,low,auto
Q041,DOC09_IMPOR,maxmin_semantic,14,2,score=0.662 | kw=5/5,high,auto
Q041,DOC09_IMPOR,maxmin_semantic,17,1,score=0.542 | kw=4/5,medium,auto
Q041,DOC09_IMPOR,maxmin_semantic,18,1,score=0.542 | kw=4/5,medium,auto
Q041,DOC09_IMPOR,maxmin_semantic,19,1,score=0.542 | kw=4/5,medium,auto
Q041,DOC09_IMPOR,maxmin_semantic,28,1,score=0.542 | kw=4/5,medium,auto
Q041,DOC09_IMPOR,maxmin_semantic,5,1,score=0.410 | kw=3/5,medium,auto
Q041,DOC09_IMPOR,recursive,10,2,score=0.662 | kw=5/5,high,auto
Q041,DOC09_IMPOR,recursive,11,1,score=0.542 | kw=4/5,medium,auto
Q041,DOC09_IMPOR,recursive,13,1,score=0.542 | kw=4/5,medium,auto
Q041,DOC09_IMPOR,recursive,14,1,score=0.542 | kw=4/5,medium,auto
Q041,DOC09_IMPOR,recursive,15,1,score=0.542 | kw=4/5,medium,auto
Q041,DOC09_IMPOR,recursive,30,1,score=0.542 | kw=4/5,medium,auto
Q042,DOC09_IMPOR,element,22,2,score=0.779 | kw=4/4 | pages=[21] | page_match=Y,high,auto
Q042,DOC09_IMPOR,element,24,1,score=0.471 | kw=1/4 | pages=[21] | page_match=Y,medium,auto
Q042,DOC09_IMPOR,element,23,1,score=0.464 | kw=1/4 | pages=[21] | page_match=Y,medium,auto
Q042,DOC09_IMPOR,maxmin_semantic,14,2,score=0.957 | kw=4/4 | anchor_found=Y,high,auto
Q042,DOC09_IMPOR,recursive,10,2,score=0.957 | kw=4/4 | anchor_found=Y,high,auto
Q042,DOC09_IMPOR,recursive,9,1,score=0.343 | kw=0/4 | anchor_found=Y,medium,auto
Q043,DOC09_IMPOR,element,24,2,score=0.771 | kw=4/4 | pages=[21] | page_match=Y,high,auto
Q043,DOC09_IMPOR,element,22,1,score=0.371 | kw=0/4 | pages=[21] | page_match=Y,medium,auto
Q043,DOC09_IMPOR,element,23,1,score=0.371 | kw=0/4 | pages=[21] | page_match=Y,medium,auto
Q043,DOC09_IMPOR,maxmin_semantic,17,2,score=0.657 | kw=4/4,high,auto
Q043,DOC09_IMPOR,recursive,12,2,score=0.657 | kw=4/4,high,auto
Q043,DOC09_IMPOR,recursive,13,2,score=0.657 | kw=4/4,high,auto
Q043,DOC09_IMPOR,recursive,14,1,score=0.343 | kw=2/4,medium,auto
Q044,DOC09_IMPOR,element,32,2,"score=0.789 | kw=4/4 | pages=[23, 24] | page_match=Y",high,auto
Q044,DOC09_IMPOR,element,34,1,score=0.478 | kw=1/4 | pages=[24] | page_match=Y,medium,auto
Q044,DOC09_IMPOR,element,35,1,"score=0.372 | kw=0/4 | pages=[24, 25] | page_match=Y",medium,auto
Q044,DOC09_IMPOR,element,33,1,score=0.361 | kw=0/4 | pages=[24] | page_match=Y,medium,auto
Q044,DOC09_IMPOR,maxmin_semantic,20,2,score=0.678 | kw=4/4,high,auto
Q044,DOC09_IMPOR,maxmin_semantic,21,1,score=0.367 | kw=2/4,medium,auto
Q044,DOC09_IMPOR,recursive,18,2,score=0.678 | kw=4/4,high,auto
Q045,DOC09_IMPOR,element,35,2,"score=0.769 | kw=4/4 | pages=[24, 25] | page_match=Y",high,auto
Q045,DOC09_IMPOR,maxmin_semantic,23,2,score=0.650 | kw=4/4,high,auto
Q045,DOC09_IMPOR,maxmin_semantic,25,1,score=0.487 | kw=3/4,medium,auto
Q045,DOC09_IMPOR,maxmin_semantic,55,1,score=0.338 | kw=2/4,medium,auto
Q045,DOC09_IMPOR,maxmin_semantic,56,1,score=0.338 | kw=2/4,medium,auto
Q045,DOC09_IMPOR,recursive,21,2,score=0.650 | kw=4/4,high,auto
Q045,DOC09_IMPOR,recursive,22,1,score=0.500 | kw=3/4,medium,auto
Q045,DOC09_IMPOR,recursive,23,1,score=0.487 | kw=3/4,medium,auto
Q045,DOC09_IMPOR,recursive,1734,1,score=0.338 | kw=2/4,medium,auto
Q045,DOC09_IMPOR,recursive,1739,1,score=0.338 | kw=2/4,medium,auto
Q046,DOC10_MODA,element,3,2,"score=0.970 | kw=5/5 | pages=[5, 7] | page_match=Y | anchor_found=Y",high,auto
Q046,DOC10_MODA,element,15,1,"score=0.430 | kw=5/5 | pages=[21, 22] | page_match=N",medium,auto
Q046,DOC10_MODA,maxmin_semantic,0,2,score=0.700 | kw=3/5 | anchor_found=Y,high,auto
Q046,DOC10_MODA,maxmin_semantic,15,2,score=0.660 | kw=5/5,high,auto
Q046,DOC10_MODA,maxmin_semantic,5,1,score=0.280 | kw=2/5,low,auto
Q046,DOC10_MODA,maxmin_semantic,1,1,score=0.260 | kw=2/5,low,auto
Q046,DOC10_MODA,maxmin_semantic,16,1,score=0.260 | kw=2/5,low,auto
Q046,DOC10_MODA,recursive,16,2,score=0.660 | kw=5/5,high,auto
Q046,DOC10_MODA,recursive,2,2,score=0.640 | kw=5/5,high,auto
Q046,DOC10_MODA,recursive,1,1,score=0.320 | kw=0/5 | anchor_found=Y,medium,auto
Q046,DOC10_MODA,recursive,10,1,score=0.280 | kw=2/5,low,auto
Q046,DOC10_MODA,recursive,22,1,score=0.280 | kw=2/5,low,auto
Q047,DOC10_MODA,element,3,2,"score=0.988 | kw=4/4 | pages=[5, 7] | page_match=Y | anchor_found=Y",high,auto
Q047,DOC10_MODA,element,15,1,"score=0.438 | kw=4/4 | pages=[21, 22] | page_match=N",medium,auto
Q047,DOC10_MODA,element,19,1,"score=0.412 | kw=4/4 | pages=[22, 23] | page_match=N",medium,auto
Q047,DOC10_MODA,element,145,1,score=0.412 | kw=4/4 | pages=[92] | page_match=N,medium,auto
Q047,DOC10_MODA,element,147,1,score=0.412 | kw=4/4 | pages=[93] | page_match=N,medium,auto
Q047,DOC10_MODA,element,149,1,score=0.412 | kw=4/4 | pages=[94] | page_match=N,medium,auto
Q047,DOC10_MODA,maxmin_semantic,1,2,score=0.675 | kw=4/4,high,auto
Q047,DOC10_MODA,maxmin_semantic,16,2,score=0.675 | kw=4/4,high,auto
Q047,DOC10_MODA,maxmin_semantic,18,2,score=0.625 | kw=4/4,high,auto
Q047,DOC10_MODA,maxmin_semantic,37,1,score=0.625 | kw=4/4,high,auto
Q047,DOC10_MODA,maxmin_semantic,43,1,score=0.625 | kw=4/4,high,auto
Q047,DOC10_MODA,maxmin_semantic,47,1,score=0.625 | kw=4/4,high,auto
Q047,DOC10_MODA,maxmin_semantic,86,1,score=0.625 | kw=4/4,high,auto
Q047,DOC10_MODA,maxmin_semantic,17,1,score=0.500 | kw=3/4,medium,auto
Q047,DOC10_MODA,recursive,2,2,score=0.675 | kw=4/4,high,auto
Q047,DOC10_MODA,recursive,16,2,score=0.675 | kw=4/4,high,auto
Q047,DOC10_MODA,recursive,17,2,score=0.650 | kw=4/4,high,auto
Q047,DOC10_MODA,recursive,204,1,score=0.625 | kw=4/4,high,auto
Q047,DOC10_MODA,recursive,211,1,score=0.625 | kw=4/4,high,auto
Q047,DOC10_MODA,recursive,203,1,score=0.600 | kw=4/4,high,auto
Q047,DOC10_MODA,recursive,207,1,score=0.600 | kw=4/4,high,auto
Q047,DOC10_MODA,recursive,11,1,score=0.475 | kw=3/4,medium,auto
Q048,DOC10_MODA,element,3,2,"score=0.975 | kw=6/6 | pages=[5, 7] | page_match=Y | anchor_found=Y",high,auto
Q048,DOC10_MODA,element,20,1,"score=0.333 | kw=5/6 | pages=[23, 24, 25, 26] | page_match=N",medium,auto
Q048,DOC10_MODA,element,36,1,score=0.273 | kw=4/6 | pages=[36] | page_match=N,low,auto
Q048,DOC10_MODA,maxmin_semantic,1,2,score=0.650 | kw=6/6,high,auto
Q048,DOC10_MODA,maxmin_semantic,86,2,score=0.600 | kw=6/6,high,auto
Q048,DOC10_MODA,maxmin_semantic,26,1,score=0.500 | kw=5/6,medium,auto
Q048,DOC10_MODA,maxmin_semantic,0,1,score=0.400 | kw=1/6 | anchor_found=Y,medium,auto
Q048,DOC10_MODA,maxmin_semantic,43,1,score=0.400 | kw=4/6,medium,auto
Q048,DOC10_MODA,maxmin_semantic,47,1,score=0.400 | kw=4/6,medium,auto
Q048,DOC10_MODA,maxmin_semantic,68,1,score=0.400 | kw=4/6,medium,auto
Q048,DOC10_MODA,recursive,2,2,score=0.650 | kw=6/6,high,auto
Q048,DOC10_MODA,recursive,25,1,score=0.500 | kw=5/6,medium,auto
Q048,DOC10_MODA,recursive,24,1,score=0.400 | kw=4/6,medium,auto
Q048,DOC10_MODA,recursive,217,1,score=0.400 | kw=4/6,medium,auto
Q048,DOC10_MODA,recursive,284,1,score=0.400 | kw=4/6,medium,auto
Q048,DOC10_MODA,recursive,46,1,score=0.325 | kw=3/6,medium,auto
Q049,DOC10_MODA,element,13,2,"score=0.779 | kw=6/6 | pages=[17, 18] | page_match=Y",high,auto
Q049,DOC10_MODA,element,3,1,"score=0.421 | kw=6/6 | pages=[5, 7] | page_match=N",medium,auto
Q049,DOC10_MODA,element,20,1,"score=0.414 | kw=6/6 | pages=[23, 24, 25, 26] | page_match=N",medium,auto
Q049,DOC10_MODA,element,46,1,"score=0.414 | kw=6/6 | pages=[40, 41] | page_match=N",medium,auto
Q049,DOC10_MODA,element,40,1,score=0.355 | kw=5/6 | pages=[38] | page_match=N,medium,auto
Q049,DOC10_MODA,element,27,1,"score=0.348 | kw=5/6 | pages=[29, 30] | page_match=N",medium,auto
Q049,DOC10_MODA,maxmin_semantic,9,2,score=0.657 | kw=6/6,high,auto
Q049,DOC10_MODA,maxmin_semantic,0,2,score=0.643 | kw=6/6,high,auto
Q049,DOC10_MODA,maxmin_semantic,1,2,score=0.643 | kw=6/6,high,auto
Q049,DOC10_MODA,maxmin_semantic,25,1,score=0.629 | kw=6/6,high,auto
Q049,DOC10_MODA,maxmin_semantic,47,1,score=0.629 | kw=6/6,high,auto
Q049,DOC10_MODA,maxmin_semantic,85,1,score=0.629 | kw=6/6,high,auto
Q049,DOC10_MODA,maxmin_semantic,86,1,score=0.629 | kw=6/6,high,auto
Q049,DOC10_MODA,maxmin_semantic,32,1,score=0.543 | kw=5/6,medium,auto
Q049,DOC10_MODA,recursive,12,2,score=0.657 | kw=6/6,high,auto
Q049,DOC10_MODA,recursive,2,2,score=0.643 | kw=6/6,high,auto
Q049,DOC10_MODA,recursive,24,2,score=0.629 | kw=6/6,high,auto
Q049,DOC10_MODA,recursive,59,1,score=0.543 | kw=5/6,medium,auto
Q049,DOC10_MODA,recursive,31,1,score=0.529 | kw=5/6,medium,auto
Q049,DOC10_MODA,recursive,32,1,score=0.529 | kw=5/6,medium,auto
Q049,DOC10_MODA,recursive,35,1,score=0.529 | kw=5/6,medium,auto
Q049,DOC10_MODA,recursive,36,1,score=0.529 | kw=5/6,medium,auto
Q050,DOC10_MODA,element,14,2,"score=0.790 | kw=4/4 | pages=[19, 21] | page_match=Y",high,auto
Q050,DOC10_MODA,element,15,1,"score=0.350 | kw=0/4 | pages=[21, 22] | page_match=Y",medium,auto
Q050,DOC10_MODA,element,19,1,"score=0.310 | kw=3/4 | pages=[22, 23] | page_match=N",medium,auto
Q050,DOC10_MODA,maxmin_semantic,12,2,score=0.680 | kw=4/4,high,auto
Q050,DOC10_MODA,maxmin_semantic,13,1,score=0.470 | kw=3/4,medium,auto
Q050,DOC10_MODA,maxmin_semantic,24,1,score=0.470 | kw=3/4,medium,auto
Q050,DOC10_MODA,maxmin_semantic,32,1,score=0.320 | kw=2/4,medium,auto
Q050,DOC10_MODA,maxmin_semantic,25,1,score=0.300 | kw=2/4,medium,auto
Q050,DOC10_MODA,recursive,14,2,score=0.680 | kw=4/4,high,auto
Q050,DOC10_MODA,recursive,15,2,score=0.680 | kw=4/4,high,auto
Q050,DOC10_MODA,recursive,23,1,score=0.470 | kw=3/4,medium,auto
Q050,DOC10_MODA,recursive,22,1,score=0.300 | kw=2/4,medium,auto
