example_type,query_id,top_k,method,question,reference_answer,evidence_anchor,precision_at_k,recall_at_k,mrr,f1_at_k_recomputed_from_row_pr,bleu,rouge_l,generated_answer_excerpt,interpretation_note,source_file
retrieval_generation_divergence,Q006,1,Element-Based,Berapa jumlah pekerja tetap di sektor konstruksi secara nasional pada tahun 2023?,Jumlah pekerja tetap konstruksi nasional pada 2023 adalah 1.174.009 orang.,"Baris Jumlah Pekerja Tetap Konstruksi, kolom 2023: 1.174.009 orang.",0.0,0.0,0.0,0.0000,0.0223,0.5833,"Tidak ada informasi dalam konteks yang menyebutkan jumlah pekerja tetap di sektor konstruksi secara nasional pada tahun 2023. Tabel yang disebutkan hanya menyebutkan data menurut provinsi, namun tidak memberikan total nasional untuk tahun 2023.    Jawaban: **T...",Kasus ini menunjukkan metrik retrieval dan metrik generation dapat bergerak tidak searah pada query yang sama; interpretasi tidak boleh menyamakan chunk relevan dengan jawaban benar secara otomatis.,results/final/generation/eval_20260531_181551_full_top1.csv
retrieval_generation_divergence,Q006,1,MaxMin Semantic,Berapa jumlah pekerja tetap di sektor konstruksi secara nasional pada tahun 2023?,Jumlah pekerja tetap konstruksi nasional pada 2023 adalah 1.174.009 orang.,"Baris Jumlah Pekerja Tetap Konstruksi, kolom 2023: 1.174.009 orang.",1.0,0.3333,1.0,0.5000,0.0037,0.6667,"Untuk mencari jumlah pekerja tetap di sektor konstruksi secara nasional pada tahun 2023, kita perlu menjumlahkan jumlah pekerja tetap di setiap provinsi pada tahun 2023 berdasarkan tabel ""Banyaknya Pekerja Tetap Konstruksi Menurut Provinsi, 2018–2023"".    Beri...",Kasus ini menunjukkan metrik retrieval dan metrik generation dapat bergerak tidak searah pada query yang sama; interpretasi tidak boleh menyamakan chunk relevan dengan jawaban benar secara otomatis.,results/final/generation/eval_20260531_181551_full_top1.csv
retrieval_generation_divergence,Q006,1,Recursive,Berapa jumlah pekerja tetap di sektor konstruksi secara nasional pada tahun 2023?,Jumlah pekerja tetap konstruksi nasional pada 2023 adalah 1.174.009 orang.,"Baris Jumlah Pekerja Tetap Konstruksi, kolom 2023: 1.174.009 orang.",0.0,0.0,0.0,0.0000,0.025,0.8333,"Jumlah pekerja tetap di sektor konstruksi secara nasional pada tahun 2023 adalah **1.100.000** orang.    **Penjelasan:**    Dalam tabel ""Banyaknya Pekerja Tetap Konstruksi/Number of Construction Permanent Workers"", kolom ""Tahun/Year"" menunjukkan tahun 2018 hin...",Kasus ini menunjukkan metrik retrieval dan metrik generation dapat bergerak tidak searah pada query yang sama; interpretasi tidak boleh menyamakan chunk relevan dengan jawaban benar secara otomatis.,results/final/generation/eval_20260531_181551_full_top1.csv
recursive_top1_retrieval_and_generation_match,Q009,1,Element-Based,Berapa persentase balas jasa dan upah pekerja konstruksi terhadap nilai konstruksi yang diselesaikan di Jambi pada tahun 2023?,"Persentase balas jasa dan upah pekerja konstruksi terhadap nilai konstruksi yang diselesaikan di Jambi pada 2023 adalah 18,55 persen.","Baris Jambi, kolom 2023: 18,55.",0.0,0.0,0.0,0.0000,0.2239,0.8,"Tidak ada informasi dalam konteks yang menyebutkan persentase balas jasa dan upah pekerja konstruksi terhadap nilai konstruksi yang diselesaikan di Jambi pada tahun 2023. Tabel yang disebutkan hanya menyertakan data secara umum per provinsi, namun tidak member...",Kasus ini menunjukkan Recursive dapat menempatkan chunk relevan di rank atas dan menghasilkan jawaban yang dekat dengan referensi untuk query tertentu.,results/final/generation/eval_20260531_181551_full_top1.csv
recursive_top1_retrieval_and_generation_match,Q009,1,MaxMin Semantic,Berapa persentase balas jasa dan upah pekerja konstruksi terhadap nilai konstruksi yang diselesaikan di Jambi pada tahun 2023?,"Persentase balas jasa dan upah pekerja konstruksi terhadap nilai konstruksi yang diselesaikan di Jambi pada 2023 adalah 18,55 persen.","Baris Jambi, kolom 2023: 18,55.",0.0,0.0,0.0,0.0000,0.1728,0.8,"Tidak ada informasi dalam konteks yang menyebutkan persentase balas jasa dan upah pekerja konstruksi terhadap nilai konstruksi yang diselesaikan di Jambi pada tahun 2023. Tabel yang disebutkan hanya mencakup data secara provinsi, tetapi tidak memberikan nilai...",Kasus ini menunjukkan Recursive dapat menempatkan chunk relevan di rank atas dan menghasilkan jawaban yang dekat dengan referensi untuk query tertentu.,results/final/generation/eval_20260531_181551_full_top1.csv
recursive_top1_retrieval_and_generation_match,Q009,1,Recursive,Berapa persentase balas jasa dan upah pekerja konstruksi terhadap nilai konstruksi yang diselesaikan di Jambi pada tahun 2023?,"Persentase balas jasa dan upah pekerja konstruksi terhadap nilai konstruksi yang diselesaikan di Jambi pada 2023 adalah 18,55 persen.","Baris Jambi, kolom 2023: 18,55.",1.0,0.5,1.0,0.6667,0.6186,0.95,"Persentase balas jasa dan upah pekerja konstruksi terhadap nilai konstruksi yang diselesaikan di Jambi pada tahun 2023 adalah **18,55%**.",Kasus ini menunjukkan Recursive dapat menempatkan chunk relevan di rank atas dan menghasilkan jawaban yang dekat dengan referensi untuk query tertentu.,results/final/generation/eval_20260531_181551_full_top1.csv
generation_metric_high_when_retrieval_zero,Q005,1,Element-Based,Apa yang dimaksud dengan Nilai Konstruksi yang Diselesaikan dalam penghitungan Benchmark Indeks Konstruksi?,"Nilai konstruksi yang diselesaikan adalah nilai pekerjaan yang telah diselesaikan oleh pihak pemborong menurut realisasi proyek yang telah diselesaikan dalam jangka waktu tertentu, berdasarkan nilai kontrak antara pemilik dengan kontraktor.","Nilai konstruksi yang diselesaikan adalah nilai pekerjaan yang telah diselesaikan oleh pihak pemborong menurut realisasi proyek yang telah diselesaikan dalam jangka waktu tertentu, berdasarkan nilai kontrak antara pemilik dengan kontraktor.",0.0,0.0,0.0,0.0000,0.6998,0.8667,"Nilai Konstruksi yang Diselesaikan merujuk pada nilai pekerjaan yang telah diselesaikan oleh pihak pemborong menurut realisasi proyek dalam jangka waktu tertentu, berdasarkan nilai kontrak antara pemilik dengan kontraktor.",Kasus ini menunjukkan jawaban dapat memiliki kemiripan leksikal tinggi walaupun label retrieval Top-1 bernilai nol; ini perlu dibaca sebagai batasan metrik dan anotasi.,results/final/generation/eval_20260531_181551_full_top1.csv
generation_metric_high_when_retrieval_zero,Q005,1,MaxMin Semantic,Apa yang dimaksud dengan Nilai Konstruksi yang Diselesaikan dalam penghitungan Benchmark Indeks Konstruksi?,"Nilai konstruksi yang diselesaikan adalah nilai pekerjaan yang telah diselesaikan oleh pihak pemborong menurut realisasi proyek yang telah diselesaikan dalam jangka waktu tertentu, berdasarkan nilai kontrak antara pemilik dengan kontraktor.","Nilai konstruksi yang diselesaikan adalah nilai pekerjaan yang telah diselesaikan oleh pihak pemborong menurut realisasi proyek yang telah diselesaikan dalam jangka waktu tertentu, berdasarkan nilai kontrak antara pemilik dengan kontraktor.",0.0,0.0,0.0,0.0000,0.0474,0.4,"Nilai Konstruksi yang Diselesaikan dimaksudkan sebagai nilai kontrak proyek dikurangi nilai pekerjaan yang disubkontrakkan, lalu dikalikan dengan persentase realisasi fisik pekerjaan yang diselesaikan. Rumusnya adalah:    **NK = (NP – NS) × %NR**    di mana:...",Kasus ini menunjukkan jawaban dapat memiliki kemiripan leksikal tinggi walaupun label retrieval Top-1 bernilai nol; ini perlu dibaca sebagai batasan metrik dan anotasi.,results/final/generation/eval_20260531_181551_full_top1.csv
generation_metric_high_when_retrieval_zero,Q005,1,Recursive,Apa yang dimaksud dengan Nilai Konstruksi yang Diselesaikan dalam penghitungan Benchmark Indeks Konstruksi?,"Nilai konstruksi yang diselesaikan adalah nilai pekerjaan yang telah diselesaikan oleh pihak pemborong menurut realisasi proyek yang telah diselesaikan dalam jangka waktu tertentu, berdasarkan nilai kontrak antara pemilik dengan kontraktor.","Nilai konstruksi yang diselesaikan adalah nilai pekerjaan yang telah diselesaikan oleh pihak pemborong menurut realisasi proyek yang telah diselesaikan dalam jangka waktu tertentu, berdasarkan nilai kontrak antara pemilik dengan kontraktor.",0.0,0.0,0.0,0.0000,0.0278,0.3667,Nilai Konstruksi yang Diselesaikan (NK) dalam penghitungan Benchmark Indeks Konstruksi merujuk pada nilai dari pekerjaan konstruksi yang telah selesai dilaksanakan pada suatu waktu tertentu. Nilai ini digunakan sebagai indikator realisasi fisik pekerjaan dan m...,Kasus ini menunjukkan jawaban dapat memiliki kemiripan leksikal tinggi walaupun label retrieval Top-1 bernilai nol; ini perlu dibaca sebagai batasan metrik dan anotasi.,results/final/generation/eval_20260531_181551_full_top1.csv
